TEMA,asignatura
Actividad integradora - demencia,Asignatura 9
Mecanica cardiaca,Asignatura 1
Cardiopatía isquémica (Patologia-Md Interna )Meek,Asignatura 4
Presentación póster de políticas,Asignatura 9
Presentación de protocolos,Asignatura 3
Mecanismos para reemplazar la función del páncreas endocrino,Asignatura 4
Generalidades de plexos y dermatomas,Asignatura 9
"Disfagia /  Trastorno de la motilidad gastrointestinal
",Asignatura 5
Histología funcional intestinal,Asignatura 5
Taller de entrevista clínica. Grupo viernes,Asignatura 2
5. TBC,Asignatura 1
Anfiteatro de Dorso,Asignatura 7
Fibrosis quística,Asignatura 1
Ética médica y riesgo,Asignatura 7
43. Laboratorio Gastro - EDA - Grupo A,Asignatura 10
Reunión con tutores,Asignatura 3
Semiología Ruidos Cardiacos / Sesión Ekg 2.,Asignatura 10
Repaso neuroanatomía,Asignatura 9
Evaluación final escrita,Asignatura 1
Taller de exploración psicopatológica 4: Valoración de la memoria y las funciones ejecutivas,Asignatura 9
Abordaje Integrado del Cáncer de Próstata,Asignatura 6
 Evaluación final Práctica Sistemas y Metabolismo I,Asignatura 3
Tutoria 2 Semiologia Cardiovascular/Respiratorio,Asignatura 10
Tutoria 2 Semiologia Cardiovascular/Respiratorio,Asignatura 10
Aminoácidos y proteínas,Asignatura 1
Tutoria 3 Semiologia Abdomen,Asignatura 10
Hematoquecia /Sangrado de vías digestivas bajas (énfasis en patología neoplásica),Asignatura 4
Anfiteatro pelvis osea & Cond. Inguinal ,Asignatura 7
Tutoria 3 Semiologia Abdomen,Asignatura 10
Evaluación del crecimiento y el desarrollo puberal,Asignatura 7
Soporte Vital,Asignatura 1
Patología del tracto respiratorio superior,Asignatua 4
Actividad integadora - Afecto,Asignatura 9
Diabtes mellitus - Situaciones integradoras,Asignatura 10
Taller de exploración psicopatológica 6. Examen mental de entrevista a paciente,Asignatura 9
Ayudas diagnósticas en nefrología,Asignatura 10
Anamnesis Neurológica - Síndrome Sensitivo,Asignatura 9
Regulación de la fecundidad. Consejería,Asignatura 10
Diarrea / malabsorción,Asignatura 5
"Cadenas ganglionares de los vasos linfáticos del cuello, conducto torácico",Asignatua 4
Expresando la Medicina II Grupo 1 -Medicina Narrativa / Grupo 2 Gratitud,Asignatura 9
Tutoria 1 Semiologia General/Cabeza y Cuello,Asignatura 10
Malformaciónes congénitas múltiples,Asignatura 1
Primera evaluacion teórica  fundamentos de la clínica,Asignatura 1
9. Hipovolemia,Asignatura 1
"C-SM Anatomía funcional de cavidad oral, faringe y esófago (SYM2) ",Asignatura 4
ESCRITURA CREATIVA PERFORMING MEDICINE,Asignatura 10
Seguimiento de tutores,Asignatura 3
Manejo renal de solutos,Asignatura 6
7. Silicoantracosis,Asignatura 1
Historia Clínica psiquiátrica,Asignatura 9
Anatomía del oído eterno y medio,Asignatura 9
16. Malnutrición,Asignatura 4
Falla cardiaca,Asignatura 1
La historia clínica en cuidado primario,Asignatura 10
Tutoria 2 Semiologia Cardiovascular/Respiratorio,Asignatura 10
24. Laboratorio de Resistencia Antimicrobiana - Grupo B,Asignatura 10
chequeo semanal,Asignatura 9
 Conceptos centrales en historia de la medicina: paradigmas y prácticas en salud II,Asignatura 1
 Evaluación final Práctica Sistemas y Metabolismo I,Asignatura 3
Laboratorio de control motor,Asignatura 9
Tutoria 2 Semiologia Cardiovascular/Respiratorio,Asignatura 10
Introducción a la medicina basada en la evidencia y pregunta PICO,Asignatura 10
13. Cardiopatía congénita,Asignatura 4
Revisión de Notas,Asignatura 3
Taller de anatomía vias de respuesta autónoma,Asignatura 9
Taller fosa ptarigopalatina-trigemino/ Laboratorio de histología de via aerea superior/ 2 grupos,Asignatua 4
Actividad integradora - Movimientos anormales,Asignatura 9
C-SM Aspectos funcionales del sistema reproductor masculino 2: Control neuroendocrino de la pubertad masculina,Asignatura 7
chequeo semanal,Asignatura 9
"Anfiteatro nariz senos paranasales, trigemino,fosa pterigopalatina y laringe/ Laboratorio de histología de via aerea superior/ 2 grupos",Asignatua 4
Orientación y planos,Asignatura 1
Repaso Neuroanatomía - histología,Asignatura 7
Sangrado vaginal,Asignatura 7
Presentación estudiantes - tutoria 1,Asignatura 10
Evaluación final teórica,Asignatura 7
Taller de encéfalo y medula,Asignatura 9
Procesamiento del dolor,Asignatura 7
"Estilos de vida, cultura y salud como determinantes sociales",Asignatura 1
OSCE 2,Asignatura 10
Dislipidemias,Asignatura 4
laboratorio histología cartílago,Asignatura 7
"Regiones, cavidades y espacios",Asignatura 1
Reproductor masculino,Asignatura 7
Presentación de protocolos,Asignatura 3
Tamización y Valoración Nutricional,Asignatura 2
Patología tumoral pulmonar,Asignatura 1
Biomoléculas,Asignatura 1
Fundamentación Relacion ventilacion perfusión ,Asignatura 2
Cardiomiopatías-tumores cardiacos-Meek,Asignatura 4
Examen final oral,Asignatura 3
Taller de exploración psicopatológica 6. Examen mental de entrevista a paciente,Asignatura 9
21. Piel - Bacterianas y toxigenicas,Asignatura 10
Evaluación del crecimiento y el desarrollo puberal,Asignatura 7
Taller de anatomía  e histología de ojo,Asignatura 9
Semiologia cardiaca CSC. Grupo Viernes,Asignatura 2
Segunda evaluación teórica fundamentos de la clinica,Asignatura 4
15. Piel Eruptivas virales,Asignatura 10
Repaso Anfiteatro,Asignatura 7
Gamagrafía osteomuscular,Asignatura 9
Caso 03. Piel - Infecciosas,Asignatura 10
Terminología del SN,Asignatura 7
Tutoria 1 Semiologia General/Cabeza y Cuello,Asignatura 10
"Anfiteatro región supraclavicular, superficial de cuello, tiroides y vascular de cuello/ Laboratorio histología de tiroides",Asignatura 1
 Mecanismos potenciales para intervenir el eje hipotálamo - hipofisiario - ovárico.,Asignatura 7
Cólera,Asignatura 1
Presentación videos,Asignatura 9
Cuidado de la casa común,Asignatura 1
Taller de miembro inferior 1 g2,Asignatura 9
Patología de la enfermedad ocupacional,Asignatura 1
Farmacodinamia del control del movimiento voluntario (clase y taller),Asignatura 9
"Anfiteatro de medula espinal, configuración interna reflejos y contenido del canal medular",Asignatura 7
Examen final FPC III,Asignatura 9
"Unidades, concentraciones y pH ",Asignatura 1
Actividad física,Asignatura 2
Segunda Evaluación Parcial,Asignatura 7
Taller farmacocinética/ Metabolismo,Asignatura 5
Esferocitosis,Asignatura 1
Lesiones por presión,Asignatura 10
43. Laboratorio Gastro - EDA - Grupo B,Asignatura 10
Bases neurobiológicas de la volición y la motivación  ,Asignatura 9
Cuando el anciano cae,Asignatura 7
Evaluación del crecimiento y el desarrollo puberal,Asignatura 7
Sistema nervioso autonomo,Asignatura 1
Taller de imágenes,Asignatura 1
Taller Sistema cardiorespiratorio y su contexto,Asignatura 3
Ajuste de tasas,Asignatura 3
Aspectos éticos,Asignatura 3
Taller de mecanismos de defensa,Asignatura 9
Actividad integradora 4 SINDROME MEDULAR,Asignatura 9
Neuropatia Guillain Barre,Asignatura 1
Preparaciones histológicas de tejidos conectivos generales. Taller de Tejidos Conectivos,Asignatura 1
Bioética sesión I,Asignatura 3
Intervenión de la función tiroidea,Asignatura 1
Intoxicación aguda por alcohol,Asignatura 1
Vulnerabilidad de los profesionales de la salud ,Asignatura 9
"Generalidades S. Gastrointestinal, boca, faringe, esófago y estómago",Asignatura 4
Examen final oral primer semestre ,Asignatura 2
actividad integradora -endocrino,Asignatura 9
Lípidos y vitaminas liposolubles,Asignatura 1
Semiologia Signos Vitales,Asignatura 10
Estructura de moléculas con carácter lipídico - Esteroles y vitaminas liposolubles,Asignatura 1
Actividad integradora- miembro inferior - SN autonomo,Asignatura 9
Repaso neuroanatomía,Asignatura 9
"Examen práctico histología, neuroanatomía y PFPC III",Asignatura 9
OSCE 2,Asignatura 10
Anfiteatro Sistema Urinario,Asignatura 7
Histopatología del tejido nervioso,Asignatura 7
C-SM Compartimientos líquidos y su dinámica,Asignatura 6
Intervenciones no farmacológicas en adultos mayores (Centro de simulación),Asignatura 10
Hilio pulmonar,Asignatura 1
"ESM-EVALUACIÓN 1ER PERIODO
SYM NUTRICIÓN (9-11 am)",Asignatura 6
Tutoria 2 Semiologia Cardiovascular/Respiratorio,Asignatura 10
Taller de Bioquímica: Compuestos nitrogenados ,Asignatura 4
Semiología Piel Hipersensibilidad,Asignatura 10
Aproximaciones y corrientes teóricas de la investigación cualitativa,Asignatura 9
Evaluación final práctico,Asignatura 7
Presentación videos,Asignatura 9
Histología de cartílago,Asignatura 7
Escenarios Simulados con Debriefing,Asignatura 10
CEREMONIA DE BATAS,Asignatura 10
Trastornos de oxigenación y ventilación/Vía aérea,Asignatura 10
Anatomía funcional de intestinos y páncreas,Asignatura 5
Anatomía de la glándula mamaria y Patología benigna de la mama / tamización de cáncer,Asignatura 7
Semiología Oftalmología,Asignatura 10
Supletorios evaluaciones semanales y sesiones integradoras (productos)  2° módulo,Asignatura 7
Tutoria 4 Semiologia Neurologica/Musculo-esqueletico,Asignatura 10
Intervención,Asignatura 10
OSCE 1,Asignatura 10
C-SM Organización microscópica de estómago,Asignatura 4
Examen teórico CMC,Asignatura 7
Edema/ Enfermedad renal diabética,Asignatura 6
Pronóstico,Asignatura 10
Dislipidemias - Situaciones integradoras,Asignatura 10
C-SM Anatomía funcional del hígado y vía biliar (SYM2),Asignatura 5
Taller Semiología Respiratoria,Asignatura 2
SUPLETORIOS,Asignatura 9
Semiología general y errores frecuentes en aproximación inicial al paciente,Asignatura 7
Enfermedad renal crónica,Asignatura 10
14.Deficiencia Piruvato carboxilasa                 ,Asignatura 4
Hipertensión arterial,Asignatura 10
"Regulación de la fecundidad. Generalidades, métodos, criterios de elegibilidad",Asignatura 10
Actividad integradora 6 MIEMBRO SUPERIOR,Asignatura 9
Intervención en la vía inflamatoria,Asignatura 1
Glándulas salivares y páncreas,Asignatura 5
Procedimiento de inserción de sondas vesicales,Asignatura 7
Observando el riesgo. Estudios observacionales analíticos,Asignatura 7
52. Infecciones urinarias Complicadas,Asignatura 10
Retículo endoplásmico rugoso,Asignatura 1
35. Eritropoyesis y Anemias generalidades ,Asignatura 10
"Genes del sistema ligando receptor / señales autocrinas, paracrinas y endocrinas",Asignatura 1
Hematemesis/ Enf. Ulcerosa- péptica,Asignatura 4
"Intestino delgado y grueso, páncreas e hígado",Asignatura 7
Semiologia cardiaca CSC. Grupo Jueves ,Asignatura 2
Simposio Bloque Naranja,Asignatura 2
Examen parcial práctico,Asignatura 7
Anatomia de circulación coronaria,Asignatura 1
C-SM Trastornos del intestino delgado y del colon (relacionados con digestión y absorción),Asignatura 5
Laboratorio integrador de neurofisiología (aplicación de la inteligencia artificial),Asignatura 9
43. Laboratorio Gastro - EDA - Grupo A,Asignatura 10
14.Deficiencia Piruvato carboxilasa                 ,Asignatura 4
 Cardiopatía hipertensiva izquierda y derecha (Patologia )Meek,Asignatura 4
Primera evaluación oral parte grupal 6. Enfermedad obstructiva,Asignatura 1
Faringe,Asignatua 4
chequeo semanal,Asignatura 9
Segmentación,Asignatura 1
Introduccion a las biomoléculas,Asignatura 1
Región anterior de cuello musculos supra e infrahiodeos,Asignatua 4
chequeo semanal,Asignatura 9
Bioquímica de las enfermedades del movimiento,Asignatura 7
Presentación de protocolos,Asignatura 3
Taller de cálculos,Asignatura 1
 Evaluación final Práctica Sistemas y Metabolismo I,Asignatura 3
31. Virus respiratorios ,Asignatura 10
Tutoria 1 Semiologia General/Cabeza y Cuello,Asignatura 10
Actividad integradora - Sindrome medular,Asignatura 7
Prácticas 1 y 2 de fisiología cardiovascular,Asignatura 1
Esferocitosis - esplenectomía,Asignatura 1
"C-SM Homeostasis del calcio, fósforo, otros oligoelementos",Asignatura 6
65. Articulares no infecciosas ,Asignatura 10
Sesión Ekg 4. /ejercicios integradores cardio respiratorio/ Rx tórax,Asignatura 10
Taller Vía de Administración de medicamentos y laboratorio de formas medicamentosas,Asignatura 1
Trabajo en poster de políticas,Asignatura 9
Patología reproductiva Femenina (Tracto genital femenino) + Patología de Seno,Asignatura 7
Maltrato infantil - Situaciones integradoras,Asignatura 10
Revisión de Notas,Asignatura 3
C-SM Homeostasis del potasio,Asignatura 6
Evaluacion de la circulacion y la sangre,Asignatura 2
Taller de exploración psicopatológica 4: Valoración de la memoria y las funciones ejecutivas,Asignatura 9
Tutoria 2 Semiologia Cardiovascular/Respiratorio,Asignatura 10
Sangrado vaginal,Asignatura 7
Debilidad e ictericia / Cirrosis ,Asignatura 5
Hidrodinámica corporal: fenómenos sistémicos,Asignatura 1
46. ETS - Sindromes ulcerativos Virales ( Herpes - VPH),Asignatura 10
Conceptos centrales en historia de la medicina I,Asignatura 1
Semiologia Respiratoria,Asignatura 2
Dislipidemias,Asignatura 4
Diabetes tipo 1,Asignatura 4
Prácticas 1 y 2 de fisiología cardiovascular,Asignatura 1
Semiología oftalmológica no neurológica,Asignatura 7
Introducción a fenómenos cognitivos y de la conciencia ,Asignatura 9
Bioquimica clinica en el metabolismo de los carbohidratos,Asignatura 3
Percepción auditiva,Asignatura 7
Cineforo receptores y señalización,Asignatura 1
Presentación de protocolos,Asignatura 3
Tutoria 4 Semiologia Neurologica/Musculo-esqueletico,Asignatura 10
Tutoria 4 Semiologia Neurologica/Musculo-esqueletico,Asignatura 10
Taller modificación del balance de líquidos y electrolitos desde la intervención en la función renal,Asignatura 6
"Herramientas Participativas: observación, observación participante, diarios de campo, recorridos transectoriales y mapeo participativo",Asignatura 9
Evaluación 1 - Semanas 1 a 6 - Temas 1-30. Casos 1-5,Asignatura 10
Fisiopatología y semiología de las enfermedades hepáticas agudas y crónicas,Asignatura 7
Anatomía patológica del tracto gastrointestinal 1,Asignatura 5
Hipovolemia,Asignatura 1
Segunda Evaluación Parcial,Asignatura 7
Medidas de impacto,Asignatura 3
Evaluación de vasos perifericos y Toma de TA,Asignatura 2
C-SM Anatomía funcional y organización microscópica del seno,Asignatura 7
Taller anfiteatro de pares craneanos motores,Asignatura 9
HTA-IAM,Asignatura 1
7. Silicoantracosis,Asignatura 1
Tutoria 3 Semiologia Abdomen,Asignatura 10
Taller de Imagenología ,Asignatura 9
C-SM Aspectos biológicos del desarrollo en la infancia y la adolescencia,Asignatura 7
"C-P Anatomía cavidad oral, faringe y esófago",Asignatura 7
Hueso temporal y Nervio facial,Asignatura 9
76. Inmunosenescencia,Asignatura 10
Atención,Asignatura 9
Uso Adecuado y PRM,Asignatura 10
Semiologia cardiaca CSC. Grupo Jueves ,Asignatura 2
Examen teórico CMC,Asignatura 7
Afasias,Asignatura 9
Actividad integradora - demencia,Asignatura 9
"Epitelios de revestimiento y glandulares (Placas de los diferentes tejidos. Taller de Técnica Histologíca: H-E, Mallory, PAS y ME ,inmunohistoquimica)",Asignatura 1
Cuidados al final de la vida,Asignatura 10
C-SM Organización microscópica y función del sistema reproductor masculino I,Asignatura 7
,Asignatura 10
Prácticas 1 y 2 de fisiología cardiovascular,Asignatura 1
Neuroanatomía clínica,Asignatura 7
Supletorio Eval 1 SYM2 y S. Escrita integradoras M1,Asignatura 6
Papel renal en el control y regulación de la presión arterial y del equilibrio ácido-base,Asignatura 6
Taller Simulacro Práctico Anatomia e Histología,Asignatura 2
Tutoria 2 Semiologia Cardiovascular/Respiratorio,Asignatura 10
Introducción (Antecedentes y Justificación).,Asignatura 3
Evaluación final  práctica. Sitemas y Metabolismo1 (Anatomia-histologia-patologia) Retroalimentación del examen,Asignatura 4
Equilibrio ácido-base ,Asignatura 3
Semiología de alteraciones del movimiento (Movimientos anormales ),Asignatura 9
Examen final oral,Asignatura 3
Supletorios CMC - FPC III - S y V,Asignatura 9
Inteligencia artificial en la práctica clínica,Asignatura 10
Reunión con tutores,Asignatura 3
Repaso anfiteatro Neuroanatomía  ,Asignatura 9
18. Obesidad,Asignatura 4
Semiologia Respiratoria,Asignatura 10
8. Dolor toracico no coronario,Asignatura 1
Segmentación pulmonar,Asignatura 1
Árbol genealogico familiar basado en articulo estandarizado,Asignatura 1
Oftalmoscopia/Otoscopia / Sesión Ekg 1,Asignatura 10
HTA-IAM,Asignatura 1
Primera evaluación parte grupal Asma,Asignatura 1
Organizacion general de la historia clínica ,Asignatura 2
Farmacodinamia de medicamentos que regulan el afecto: Antidepresivos y Moduladores del afecto. ,Asignatura 9
Niveles de prevención Prevención primaria - Prevención secundaria,Asignatura 7
Caso 12. Endocrino Diabetes,Asignatura 10
Tejido hematopoyético 1,Asignatura 4
Simposio Bloque Naranja,Asignatura 2
Caso 07. Sindrome Anémico,Asignatura 10
Prácticas libres Estudiantes,Asignatura 10
Bioseguridad,Asignatura 1
1. Contaminación,Asignatura 4
Patología reproductiva Femenina (Tracto genital femenino) + Patología de Seno,Asignatura 7
Presentación general,Asignatura 3
Tutoria 3 Semiologia Abdomen,Asignatura 10
Semiologia cardiaca CSC. Grupo Viernes,Asignatura 2
Neurobiología del sueño,Asignatura 9
Repaso CMC,Asignatura 9
EXAMEN ORAL,Asignatura 10
Obesidad,Asignatura 4
63. Sistémicas/profundas- Fungicas,Asignatura 10
Presentación póster de políticas,Asignatura 9
Técnica de semiología abdominal y urgencias quirúrgicas,Asignatura 7
Intervenciones no farmacológicas en adultos mayores (Centro de simulación),Asignatura 10
Cuidado de la casa común,Asignatura 2
Medidas de frecuencia,Asignatura 3
Malnutrición,Asignatura 4
Anomalías de la diferenciación sexual,Asignatura 7
Tutoria 1 Semiologia General/Cabeza y Cuello,Asignatura 10
SUPLETORIOS,Asignatura 9
Cuidado de la casa común,Asignatura 2
Tos crónica,Asignatura 10
Manejo renal de solutos,Asignatura 6
"Vulnerabilidad, acceso, equidad y sistema de salud en Colombia",Asignatura 9
"Neurobioquímica del aprendizaje, memoria y atención",Asignatura 9
Dislipidemias,Asignatura 4
Enfermedad de Chagas - Situación integradora,Asignatura 10
Semiologia cardiaca CSC. Grupo Viernes,Asignatura 2
Seguimiento de tutores,Asignatura 3
Simulacro anfiteatro,Asignatura 4
Simposio bloque naranja,Asignatura 4
22. Piel - Impacto cambio climático,Asignatura 10
Laboratorio de Electricidad,Asignatura 1
Tutorías Clínica Grupo Jueves,Asignatura 2
actividad integradora - Psicosis,Asignatura 9
"Anfiteatro pared toracica, mediastino, hilio pulmonar  /Laboratorio pulmón",Asignatura 1
Presentación EPR,Asignatura 9
Taller de exploración psicopatológica 6. Examen mental de entrevista a paciente,Asignatura 9
Taller sondas vesicales,Asignatura 7
Tutoria 3 Semiologia Abdomen,Asignatura 10
Potencial de acción ,Asignatura 1
"Patología placenta
",Asignatura 7
"Lab bioq, Fisio, Microscopia",Asignatura 1
Semiologia cardiaca CSC. Grupo Jueves ,Asignatura 2
Integración del movimiento,Asignatura 7
Repaso Neuroanatomía - histología,Asignatura 9
Anatomía del conducto inguinal,Asignatura 7
Uso seguro de vitaminas y minerales durante la gestación.,Asignatura 7
Caso 01. Fiebre origen desconocido,Asignatura 10
Actividad integradora - miembro superior,Asignatura 9
C-SM Enfermedad neoplásica prevalente de hígado y vías biliares,Asignatura 5
Segudo examen parcial - Segunda correlación clínica,Asignatura 10
C-SM Concentración y dilución urinaria,Asignatura 6
Taller  de farmacodinamia de medicamentos que regulan el afecto: Antidepresivos y Moduladores del afecto. Consideraciones generles de psicofármacos,Asignatura 9
Caso 12. Endocrino Diabetes,Asignatura 10
Tutoria 2 Semiologia Cardiovascular/Respiratorio,Asignatura 10
Seguimiento de tutores,Asignatura 3
Infección respiratoria Alta,Asignatura 10
Examen final práctico CMC,Asignatura 9
C-SM Aspectos funcionales del eje hipotálamo hipófisis gonadal (Etapas de la vida) 1,Asignatura 6
Seguimiento de tutores,Asignatura 3
Segudo examen parcial - Segunda correlación clínica,Asignatura 10
4. EVALI,Asignatura 1
Tutoria 1 Semiologia General/Cabeza y Cuello,Asignatura 10
Terapia eléctrica en reanimación/desfibrilación/cardioversión/Marcapaso transcutáneo,Asignatura 10
Neurobiolgía del lenguaje,Asignatura 9
EXAMEN ORAL,Asignatura 10
Falla cardiaca,Asignatura 1
Estructuras macroscópicas riñón y vías urinarias ,Asignatura 6
Taller de exploración psicopatológica 3: Afecto,Asignatura 9
Examen final PC1,Asignatura 3
Examen final teórico FPC III,Asignatura 9
14.Deficiencia Piruvato carboxilasa                 ,Asignatura 4
Cavidad abdominopélvica,Asignatura 7
Dolor torácico no coronario,Asignatura 1
C-SM Aspectos funcionales del eje hipotálamo hipófisis gonadal (Etapas de la vida) 2,Asignatura 6
33. TBC Patologia,Asignatura 10
Prueba de tolerancia a la glucosa oral,Asignatura 4
Medicina nuclear: usos en sistema gastrointestinal y nefrourológico,Asignatura 7
INDUCCIÓN GENERAL COORDINACIÓN DEL SEMESTRE,Asignatura 10
Tutoria 4 Semiologia Neurologica/Musculo-esqueletico,Asignatura 10
Actividad integradora- miembro inferior - SN autonomo,Asignatura 9
Comunicación del riesgo,Asignatura 7
Anfiteatro Sistemas reproductores  ,Asignatura 7
Dogma central de la biología y filogenía celular,Asignatura 1
Taller de dolor toracico. Grupo Viernes,Asignatura 2
Cefaleas,Asignatura 10
Semiologia cardiaca CSC. Grupo Viernes,Asignatura 2
Intervención,Asignatura 10
Escenarios Simulados con Debriefing,Asignatura 10
Fisiopatología de los síntomas urinarios y exploración clínica del sistema renal,Asignatura 7
Determinantes de los patrones de actividad física II,Asignatura 3
12. Falla Cardiaca,Asignatura 4
Neurodesarrollo  ,Asignatura 9
Cuidado de la casa común,Asignatura 2
Pericardio y grandes vasos,Asignatura 1
10. Valvulopatia/Arritmia,Asignatura 4
"13. Inflamación Aguda, Crónica, Sepsis",Asignatura 10
Oliguria/ Lesión renal secundaria a hipovolemia,Asignatura 6
Primera evaluación sistemas y metabolismo I,Asignatura 1
Control prenatal,Asignatura 10
Infecciones de transmisión sexual - Situaciones integradoras,Asignatura 10
C-SM Control neuroendocrino del crecimiento,Asignatura 7
Pelvis blanda y periné,Asignatura 7
Semiologia Ruidos Respiratorios /Rx tórax/ Sesión Ekg 3.,Asignatura 10
Taller fosa ptarigopalatina-trigemino/ Laboratorio de histología de via aerea superior/ 2 grupos,Asignatua 4
Cardiopatías congénitas  o adquirida. Usando las piezas de patología,Asignatura 4
Bioética sesión II,Asignatura 3
Conceptos básicos de transición en salud I,Asignatura 3
Presentación estudiantes -tutoria 1,Asignatura 10
Inhaloterapia,Asignatura 10
Supletorios CMC - FPC III - S y V,Asignatura 9
Taller Semiología de vasos perifericos y toma de TA. Grupo Jueves,Asignatura 2
Taller de miembro inferior 3,Asignatura 9
Dislipidemias,Asignatura 4
Expresando la Medicina,Asignatura 10
Evaluación clinica de los lípidos,Asignatura 2
"Pared abdominal, cavidad oral, faringe, esófago, estómago y bazo",Asignatura 7
Estudio del dolor torácico,Asignatura 2
Regulacion de los procesos metabolicos intracelulares,Asignatura 3
Pruebas diagnóstica,Asignatura 10
Tutoria 1 Semiologia General/Cabeza y Cuello,Asignatura 10
Actividad integradora -dolor,Asignatura 7
56. Infecciones Pie diabetico. ,Asignatura 10
Primera Evaluación Parcial,Asignatura 7
Taller de metabolismo osteo-condro-muscular,Asignatura 7
Semiologia cardiaca CSC. Grupo Viernes,Asignatura 2
Equidad sexo género e infección por VPH ,Asignatura 1
Segundo examen,Asignatura 10
Taller de columna ,Asignatura 9
actividad integradora - Psicosis,Asignatura 9
Semiologia Ruidos Respiratorios /Rx tórax/ Sesión Ekg 3.,Asignatura 10
2a Evaluación sustentación integradoras grupal,Asignatura 7
Evaluacion Actividades DII 2630,Asignatura 10
10. Valvulopatia/Arritmia,Asignatura 4
11. HTA -IAM,Asignatura 4
Caso 10. Urología - Orquiepididimitis,Asignatura 10
Semiología Ruidos Cardiacos / Sesión Ekg 2.,Asignatura 10
Diarrea / malabsorción,Asignatura 5
OSCE 1,Asignatura 10
C-SM Envejecimiento y farmacología,Asignatura 7
El paciente geriátrico,Asignatura 7
SUPLETORIOS,Asignatura 9
Prácticas libres Estudiantes,Asignatura 10
Cavidad abdominopélvica,Asignatura 7
Enfermedad por transporte protéico intracelular,Asignatura 1
Fisiopatología de la función endocrina,Asignatura 9
Semiología Ruidos Cardiacos / Sesión Ekg 2.,Asignatura 10
C-SM Regulación de la homeostasis ácido-base corporal 1,Asignatura 6
Tutoria 1 Semiologia General/Cabeza y Cuello,Asignatura 10
"Semiología y psicopatología de la conciencia, atención y orientación",Asignatura 9
36. Anemias arregenerativas (aplasia medular) y diagnóstico por el laboratorio ,Asignatura 10
Inducción general de la asignatura,Asignatura 1
C-SM Mecanismos para mantener/modificar la presión dentro del capilar glomerular,Asignatura 6
Examen final oral,Asignatura 4
3a Evaluación sustentación integradoras grupal,Asignatura 7
Costos y financiacion,Asignatura 10
C-SM Taller función renal 2,Asignatura 6
Actividad integradora 3 OIDO,Asignatura 9
Tutoria 1 Semiologia General/Cabeza y Cuello,Asignatura 10
C-SM Funciones hepáticas distintas a las digestivas 2,Asignatura 5
EXAMEN ORAL,Asignatura 10
Evaluación supletoria final de  Sistemas y Metabolismo1 y clinica,Asignatura 4
Tutoria 1 Semiologia General/Cabeza y Cuello,Asignatura 10
Tutoria 4 Semiologia Neurologica/Musculo-esqueletico,Asignatura 10
Errores Innatos del Desarrollo y Crecimiento Morfogenético,Asignatura 7
Taller de cálculos - Dosificación de medicamentos ,Asignatura 1
Taller de mecanismos de defensa,Asignatura 9
Simposio Bloque Naranja,Asignatura 2
3a Evaluación sustentación integradoras grupal,Asignatura 7
Repaso Anfiteatro,Asignatura 7
Inteligencia Artificial,Asignatura 10
Soporte Vital,Asignatura 2
Segunda evaluación práctica. Sitemas y Metabolismo1 (Anatomia-histologia-patologia) Retroalimentación del examen,Asignatura 4
EXAMEN ORAL,Asignatura 10
Abordaje Integrado del Cáncer de Próstata,Asignatura 6
Segunda evaluación teórica fundamentos de la clinica,Asignatura 4
Semana de Reflexion,Asignatura 2
62. Sistémicas - Candidiasis,Asignatura 10
Taller de exploración psicopatológica 6. Examen mental de entrevista a paciente,Asignatura 9
Tutoria 1 Semiologia General/Cabeza y Cuello,Asignatura 10
Miastenia gravis (Inclusión social discapacidad),Asignatura 1
Reunión con tutores,Asignatura 3
Técnica de semiología abdominal y urgencias quirúrgicas,Asignatura 7
Primera evaluación oral parte grupal 6. Enfermedad obstructiva,Asignatura 1
Obesidad monogénica,Asignatura 1
Bases neurobiológicas de la emoción,Asignatura 9
Organización del sistema inmunológico,Asignatura 1
Farmacodinamia de medicamentos que controlan la ansiedad y el sueño,Asignatura 9
Simulacro anfiteatro,Asignatura 4
Tutoria 4 Semiologia Neurologica/Musculo-esqueletico,Asignatura 10
Prácticas 1 y 2 de fisiología cardiovascular,Asignatura 1
Funciones energéticas y estructurales de los polisacáridos,Asignatura 1
Sistemas de salud,Asignatura 3
Semiologia cardiaca CSC. Grupo Viernes,Asignatura 2
Taller regulacion neurobiológica de la función metabolica,Asignatura 9
Introducción a los Determinantes sociales ,Asignatura 1
"ESM-EVALUACIÓN FINAL SYM II 
(9-12m)  ",Asignatura 7
Sintesis de lípidos estructurales,Asignatura 3
Hematemesis/ Enf. Ulcerosa- péptica,Asignatura 5
Debilidad e ictericia / Cirrosis ,Asignatura 5
12. Falla Cardiaca,Asignatura 4
Semiologia cardiaca CSC. Grupo Jueves ,Asignatura 2
Tutoria 4 Semiologia Neurologica/Musculo-esqueletico,Asignatura 10
Taller de exploración psicopatológica 2:  Anamnesis - historia clínica,Asignatura 9
EXAMEN PRÁCTICO HISTOLOGÁ Y ANATOMÍA CMC Y FPC III,Asignatura 9
"Disfagia /  Trastorno de la motilidad gastrointestinal
",Asignatura 4
27-28. Infecciones OTRL - Nasofaringeas y Oticas,Asignatura 10
Seguimiento de tutores,Asignatura 3
Farmacología: De la diabetes,Asignatura 3
C-SM Biología del desarrollo del sistema urinario 2,Asignatura 6
Anatomía patológica del tracto gastrointestinal 1,Asignatura 5
Sistema digestivo,Asignatura 1
Seguimiento de tutores,Asignatura 3
Neurona y células de glia,Asignatura 1
Dolor pélvico crónico,Asignatura 10
Histología de médula  y meninges,Asignatura 7
Seguimiento de tutores,Asignatura 3
Oxidación de ácidos grasos ,Asignatura 4
40. Laboratorio de Hematologia - Grupo A,Asignatura 10
Adaptación metabólica al ayuno,Asignatura 4
Semiologia cardiaca CSC. Grupo Jueves ,Asignatura 2
Estructuras microscópicas riñón y vías urinarias 1,Asignatura 6
Expresando la Medicina I  Grupo 1 -Gratitud /Grupo 2 Comunicación sin daño,Asignatura 9
Sesión Ekg 4. /ejercicios integradores cardio respiratorio/ Rx tórax,Asignatura 10
Reunión con tutores,Asignatura 3
"66. Locomotor infecciosas - Artritis, Osteomielitis, Miositis",Asignatura 10
Sistema cardiorespiratorio,Asignatura 1
Comunicación,Asignatura 2
Repaso anfiteatro Neuroanatomía,Asignatura 9
Tutoria 2 Semiologia Cardiovascular/Respiratorio,Asignatura 10
Embriología de cuello,Asignatura 1
2a Evaluación sustentación integradoras grupal,Asignatura 6
Anatomía funcional de intestinos y páncreas,Asignatura 5
Cáncer de Piel,Asignatura 1
Taller de caracterización de vulnerabilidad (Segundo avance),Asignatura 9
Farmacología y terapéutica en hipertensión arterial,Asignatura 10
1a Evaluación sustentación integradoras grupal,Asignatura 5
18. Obesidad,Asignatura 4
Sistema límbico tálamo y emoción,Asignatura 9
Laringe,Asignatua 4
55. Pie diabético,Asignatura 10
Procedimientos SNG /IM Acceso venoso / Especuloscopía/sonda vesical,Asignatura 10
Anfiteatro pulmones/Laboratorio  de vasos-  Laboratorio histología de vasos grupos 2,Asignatura 1
Chequeo semanal,Asignatura 7
40. Laboratorio de Hematologia - Grupo B,Asignatura 10
Hematoquecia /Sangrado de vías digestivas bajas (énfasis en patología neoplásica),Asignatura 5
Comunicación y cerebro social,Asignatura 9
Oftalmoscopia/Otoscopia / Sesión Ekg 1,Asignatura 10
Histología de hipofisis,Asignatura 9
chequeo semanal,Asignatura 9
Farmacodinamia del SN autónomo,Asignatura 9
Aferencias viscerales ,Asignatura 3
C-SM Biología del desarrollo del sistema reproductor,Asignatura 6
"Anfiteatro pared toracica, mediastino, hilio pulmonar  /Laboratorio pulmón",Asignatura 1
Semiología auditiva y vestibular ,Asignatura 9
Miastenia gravis (Inclusión social discapacidad),Asignatura 1
Primera evaluación sistemas y metabolismo I,Asignatura 3
Obesidad monogénica,Asignatura 1
Fibra Nerviosa,Asignatura 1
Evaluación 1 - Semanas 1 a 6 - Temas 1-30. Casos 1-5,Asignatura 10
Estudios imagenológicos de la columna,Asignatura 9
Examen final ,Asignatura 1
Primera evaluación oral parte grupal 6. Enfermedad obstructiva,Asignatura 1
Sistemas membranosos y síntesis de proteínas ,Asignatura 1
Cardiopatía congénita,Asignatura 4
"Genitales ambiguos/ Hiperplasia suprarrenal congénita (Impacto hidroelectrolítico, ácido-base y en el desarrollo sexual)",Asignatura 6
Taller: Ventilación pulmonar y Mécanica ventilatoria Viernes,Asignatura 2
Taller anfiteatro de pares craneanos motores,Asignatura 9
Taller: Ruta de las pentosas  y  ciclo de Krebs,Asignatura 4
Taller Sistema cardiovascular y su contexto,Asignatura 3
Examen final oral primer semestre ,Asignatura 2
Histología de pulmón,Asignatura 1
Examen final oral,Asignatura 3
Cáncer de Piel,Asignatura 1
Evaluación oral,Asignatura 1
Examen parcial práctico,Asignatura 7
Pelvis blanda y periné,Asignatura 7
Mecanismos para mantener la hemostasia. Sobrecoagulación,Asignatura 10
Revisión de los antecedentes del problema de investigación.,Asignatura 3
Esferocitosis - esplenectomía,Asignatura 1
Determinantes y factores de riesgo II,Asignatura 3
C-SM Estructuras y mecanismos involucrados en la micción 1,Asignatura 6
Taller  miembro inferior3,Asignatura 9
El Reto de la Historia Clínica en la práctica Médica - SAHI ACADEMICO,Asignatura 10
Examen final oral,Asignatura 4
Semiología Ruidos Cardiacos / Sesión Ekg 2.,Asignatura 10
Modelado vías de administración ,Asignatura 2
EXAMEN PRACTICO CMC Y FPC III,Asignatura 9
Taller de dolor toracico. Grupo Jueves,Asignatura 2
Cardio arritmia,Asignatura 1
Enamoramiento,Asignatura 1
Seguimiento de tutores,Asignatura 3
Silicoantracosis,Asignatura 1
Seguimiento de tutores,Asignatura 3
Expresando la Medicina I  Grupo 1 -Gratitud /Grupo 2 Comunicación sin daño,Asignatura 9
Actividad integradora 12 CIERRE,Asignatura 9
Examen teórico CMC,Asignatura 9
Laboratorio de fisiología muscular,Asignatura 7
Ética y maltrato,Asignatura 10
Sistema de Seguridad Social Colombiano (Sistema de Gestión de Riesgo),Asignatura 7
Valvulopatía arritmia,Asignatura 1
Corrientes Biológicas,Asignatura 1
Tutoria 3 Semiologia Abdomen,Asignatura 10
Mecanismos para modificar la motilidad gastrointestinal. ,Asignatura 5
Taller de exploración psicopatológica 1: Entrevista clínica psiquiátrica ,Asignatura 9
Semiologia cardiaca CSC. Grupo Jueves ,Asignatura 2
Comunicación,Asignatura 1
Niveles de prevención Prevención primaria - Prevención secundaria,Asignatura 7
Rutas oxidativas de los aminoácidos y ciclo de la urea ,Asignatura 4
Envejecimiento Neurológico y cognitivo,Asignatura 9
Patologia infecciones pulmonares (-Patología y neumo),Asignatura 1
Abordaje del paciente con síntomas ansiosos,Asignatura 10
Semiología general y errores frecuentes en aproximación inicial al paciente,Asignatura 7
Semana reflexión,Asignatura 10
Tutoria 3 Semiologia Abdomen,Asignatura 10
Taller de cráneo -cara anfiteatro,Asignatura 9
Prácticas 1 y 2 de fisiología cardiovascular,Asignatura 1
2a Evaluación sustentación integradoras grupal,Asignatura 6
Tutoria 4 Semiologia Neurologica/Musculo-esqueletico,Asignatura 10
Endocinología e Inmunología,Asignatura 1
Semiología Ruidos Cardiacos / Sesión Ekg 2.,Asignatura 10
Estructura y función de azúcares,Asignatura 1
Sesión Ekg 4. /ejercicios integradores cardio respiratorio/ Rx tórax,Asignatura 10
Estudio-repaso- anatomia/histologia y patología,Asignatura 4
"Pared abdominal, cavidad oral, faringe, esófago, estómago y bazo",Asignatura 7
Circuitos cardiovasculares,Asignatura 1
Anatomía de la cara,Asignatura 9
Reproductor masculino,Asignatura 7
Aspectos clínicos de la enfermedad renal crónica,Asignatura 7
"Anfiteatro pared toracica, mediastino, hilio pulmonar  /Laboratorio pulmón",Asignatura 1
Simposio bloque naranja,Asignatura 4
Bioelectricidad,Asignatura 1
Trastornos de oxigenación y ventilación/Vía aérea,Asignatura 10
Semiologia cardiaca CSC. Grupo Jueves ,Asignatura 2
Motilidad gastrointestinal,Asignatura 4
Prácticas 1 y 2 de fisiología cardiovascular,Asignatura 1
Evaluación semestre,Asignatura 10
Repaso Neuroanatomía - histología,Asignatura 9
24. Laboratorio de Resistencia Antimicrobiana - Grupo A,Asignatura 10
17. Dislipidemia,Asignatura 4
Evaluación funcional de la respuesta autónoma,Asignatura 9
Examen final poblacion y salud,Asignatura 4
Laboratorio histología de oido,Asignatura 7
Tutoria 4 Semiologia Neurologica/Musculo-esqueletico,Asignatura 10
Sangre y sus componentes 1 y 2,Asignatura 4
Estructuras microscópicas riñón y vías urinarias 1,Asignatura 6
"Agresividad, impulsividad: bases biológicas y psicopatología ",Asignatura 9
OSCE 1,Asignatura 10
Tutoria 3 Semiologia Abdomen,Asignatura 10
4. EVALI,Asignatura 1
Taller de Historia Clínica. Grupo Viernes,Asignatura 2
Hematemesis/ Enf. Ulcerosa- péptica,Asignatura 5
Obesidad,Asignatura 4
Cavidad abdominopélvica,Asignatura 7
Caso 13. SNC - Meningitis,Asignatura 10
Pelvis blanda y periné,Asignatura 7
Caso 14. S.locomotor - Reumatología,Asignatura 10
Semiologia cardiaca CSC. Grupo Viernes,Asignatura 2
Oliguria/ Lesión renal secundaria a hipovolemia,Asignatura 6
Examen teórico práctico de FPC III,Asignatura 9
Transporte activo,Asignatura 1
3a Evaluación sustentación integradoras grupal,Asignatura 7
Taller de anatomía  e histología de ojo,Asignatura 9
Valvulopatía arritmia,Asignatura 1
C-SM Biología del desarrollo de tracto gastrointestinal 1,Asignatura 4
Actividad integradora - demencia,Asignatura 9
Semiología y psicopatología de la conducta alimentaria,Asignatura 9
chequeo semanal,Asignatura 9
Taller de cálculos - Dosificación de medicamentos ,Asignatura 1
Sesión Ekg 4. /ejercicios integradores cardio respiratorio/ Rx tórax,Asignatura 10
Chequeo 7,Asignatura 9
Fisiopatología del dolor abdominal,Asignatura 7
Reunión con tutores,Asignatura 3
Examen teórico práctico de FPC III,Asignatura 9
Tallo y cerebelo,Asignatura 7
Lugar de vivienda como determinante social ,Asignatura 1
Tutoria 2 Semiologia Cardiovascular/Respiratorio,Asignatura 10
Actividad integradora - Movimientos anormales,Asignatura 9
Supletorios evaluaciones semanales SYM2 y sesiones integradoras (productos)  1er módulo,Asignatura 6
Traslado de pacientes ,Asignatura 2
Relación del médico con la industria,Asignatura 10
Seguimiento de tutores,Asignatura 3
"EVALUACIÓN 2° PERIODO
9-11 am",Asignatura 7
"Genitales ambiguos/ Hiperplasia suprarrenal congénita (Impacto hidroelectrolítico, ácido-base y en el desarrollo sexual)",Asignatura 6
C-SM Secreción y absorción del agua y los electrolitos a nivel del TGI,Asignatura 5
Presentación  IV sem  CMC. Presentación  IV sem  FPC III,Asignatura 9
18. Piel - Fisiopatología,Asignatura 10
Evaluación final  práctica. Sitemas y Metabolismo1 (Anatomia-histologia-patologia) Retroalimentación del examen,Asignatura 4
Primera evaluacion teórica  fundamentos de la clínica,Asignatura 1
Trabajo como determinante social,Asignatura 1
Simposio bloque naranja,Asignatura 4
EXAMEN TEÓRICO CMC,Asignatura 9
Presentación caso de fisiología para la evaluación,Asignatura 4
Patología del sistema reproductor masculino,Asignatura 7
Prácticas libres Estudiantes,Asignatura 10
Taller regulacion neurobiológica de la función metabolica,Asignatura 9
Presentacion Autopsias V semestre,Asignatura 10
Taller de examen neurológico completo,Asignatura 9
Prácticas 1 y 2 de fisiología cardiovascular,Asignatura 1
Fibrosis quística,Asignatura 1
Taller de anatomía vias de respuesta autónoma,Asignatura 9
Primera evaluación oral parte grupal 6. Enfermedad obstructiva,Asignatura 1
Actividad integradora -dolor,Asignatura 7
Fundamentos de electrocardiografía,Asignatura 1
Retinoides,Asignatura 10
Todos los quices supletorios   ,Asignatura 4
Supletorios IV sem CMC y FPC III,Asignatura 7
Tercer examen parcial -Tercera correlación clínica,Asignatura 10
 Cardiopatía hipertensiva izquierda y derecha ( MD interna),Asignatura 4
18. Obesidad,Asignatura 4
Anatomía funcional de intestinos y páncreas,Asignatura 5
Actividad integradora 7 ENDOCRINO,Asignatura 9
Expresando la Medicina I  Grupo 1 -Gratitud /Grupo 2 Comunicación sin daño,Asignatura 9
12. Falla Cardiaca,Asignatura 4
03-04. Maduración Linfocitos T y B,Asignatura 9
Simposio bloque naranja,Asignatura 4
Introducción a la medicina basada en la evidencia y pregunta PICO,Asignatura 10
chequeo semanal,Asignatura 9
Tutoria 3 Semiologia Abdomen,Asignatura 10
"Anatomía e histología de orbita, ojo, párpados y vías lacrimales ",Asignatura 7
Inteligencia artificial,Asignatura 7
Cólera,Asignatura 1
Primera evaluación oral parte grupal 6. Enfermedad obstructiva,Asignatura 1
Actividad integradora - demencia,Asignatura 9
Hematoquecia /Sangrado de vías digestivas bajas (énfasis en patología neoplásica),Asignatura 5
Patrones no mendelianos,Asignatura 1
Semiologia cardiaca CSC. Grupo Viernes,Asignatura 2
11. HTA -IAM,Asignatura 4
EXAMEN ORAL,Asignatura 10
Protaglandibnas y eicosanoides,Asignatura 4
Taller: Ventilación pulmonar y Mécanica ventilatoria Viernes,Asignatura 2
C-SMI Integración e interacciones de los ejes hipofisiarios,Asignatura 7
Sexo y genero como determinante social,Asignatura 1
Tutoria 2 Semiologia Cardiovascular/Respiratorio,Asignatura 10
"C-SM Organización microscópica, cavidad oral",Asignatura 4
Evaluación oral,Asignatura 1
Imágenes diagnósticas en el estudio de dolor abdominal,Asignatura 10
C-SM Organización microscópica del páncreas (Relación exocrino-endocrino),Asignatura 4
5. TBC,Asignatura 1
Evaluación Eficacia de los medicamentos,Asignatura 10
Examen parcial teórico,Asignatura 7
Supletorios evaluaciones semanales y sesiones integradoras (productos)  3° módulo,Asignatura 7
Disco Bilaminar,Asignatura 1
Taller de malformaciones,Asignatura 7
Pelvis blanda y periné,Asignatura 7
Taller de liquidos y electrolitos,Asignatura 1
Debilidad e ictericia / Cirrosis ,Asignatura 5
"Generalidades S. Gastrointestinal, boca, faringe, esófago y estómago",Asignatura 4
Segunda evaluación,Asignatura 4
Hematemesis/ Enf. Ulcerosa- péptica,Asignatura 5
Taller anfiteatro de oido,Asignatura 7
Segunda Evaluación Teoríca Sistemas y Metabolismo I,Asignatura 2
40. Laboratorio de Hematologia - Grupo A,Asignatura 10
Motilidad gastrointestinal,Asignatura 4
Anatomía patológica del tracto gastrointestinal  (Hígado),Asignatura 5
Falla cardiaca,Asignatura 1
Neurobiología de la conducta,Asignatura 9
Estructura de los servicios de salud con enfoque en el paciente,Asignatura 10
"Estudios epidemiológicos descriptivos (reportes de caso, series de casos y transversales)",Asignatura 7
Región supraclavicular,Asignatua 4
"Composicion Corporal  (antropometria ), gasto energético y metabolismo.",Asignatura 4
13. Cardiopatía congénita,Asignatura 4
Expresando la Medicina I  Grupo 1 -Gratitud /Grupo 2 Comunicación sin daño,Asignatura 9
Reunión con tutores,Asignatura 3
Generalidades de la semiología abdominal,Asignatura 7
Embarazo y control prenatal - Situaciones integradoras,Asignatura 10
Tutoria 3 Semiologia Abdomen,Asignatura 10
Cuidado de la casa común,Asignatura 2
Repaso histología,Asignatura 9
Organización microscópica del hueso,Asignatura 7
Medicamentos antiTBC,Asignatura 10
Semiologia Ruidos Respiratorios /Rx tórax/ Sesión Ekg 3.,Asignatura 10
Evaluación final  práctica. Sitemas y Metabolismo1 (Anatomia-histologia-patologia) Retroalimentación del examen,Asignatura 4
Pruebas diagnóstica,Asignatura 10
Taller de miembro superior,Asignatura 9
La célula como sistema,Asignatura 1
Introducción (Antecedentes y Justificación).,Asignatura 3
Hematemesis/ Enf. Ulcerosa- péptica,Asignatura 4
Embriología de cara,Asignatura 3
3. Herida cervical,Asignatua 4
Procedimientos SNG /IM Acceso venoso / Especuloscopía/sonda vesical,Asignatura 10
Cavidad abdominopélvica,Asignatura 7
Anfiteatro pulmones/Laboratorio  de vasos-  Laboratorio histología de vasos grupos 2,Asignatura 1
Seguimiento de tutores,Asignatura 3
Examen parcial práctico,Asignatura 7
Etapas de la vida- Explicación biológica,Asignatura 1
Circulación cerebral y LCR,Asignatura 7
Taller sondas vesicales,Asignatura 7
Hipertensión secundaria,Asignatura 10
16. Malnutrición,Asignatura 4
Examen final oral primer semestre ,Asignatura 2
Cancer como ejemplo de integración de los Determinantes sociale,Asignatura 1
Casos relevantes en patología renal,Asignatura 6
 Micronutrientes (Ciclo de un Carbono),Asignatura 4
Tutorías Clínica Grupo Viernes,Asignatura 2
Reunión con tutores,Asignatura 3
40. Laboratorio de Hematologia - Grupo B,Asignatura 10
Bioética,Asignatura 10
Taller de anatomía vias de respuesta autónoma,Asignatura 9
Evaluación de la asignatura y examen final - lavado de manos,Asignatura 2
Introducción (Antecedentes y Justificación).,Asignatura 3
Reunión con tutores,Asignatura 3
1. Contaminación,Asignatua 4
Estructuras microscópica hígado y vesícula biliar,Asignatura 5
Introducción (Antecedentes y Justificación).,Asignatura 3
Comunicación,Asignatura 1
Tutoria 4 Semiologia Neurologica/Musculo-esqueletico,Asignatura 10
Fisiología materna durante la gestación,Asignatura 7
Presentación videos,Asignatura 9
50. Laboratorio Uroanálisis - Grupo A,Asignatura 10
Caso 04. OTRL - Ojo Rojo,Asignatura 10
Tutoria 1 Semiologia General/Cabeza y Cuello,Asignatura 10
 Mecanismos potenciales para intervenir el eje hipotálamo - hipofisiario - ovárico.,Asignatura 7
actividad integradora -endocrino,Asignatura 9
Revisión de Notas,Asignatura 3
Taller de miembro superior 3 y 4,Asignatura 9
Vías descendentes de la medula espinal ,Asignatura 7
Tutorías Clínica Grupo Viernes,Asignatura 2
Sistema de salud como DSS ,Asignatura 1
Teoría general de sistemas,Asignatura 1
Fenómenos tisulares,Asignatura 1
"14. Diagnostico Clinico, Paraclínico Microorganismos",Asignatura 10
Presentación videos,Asignatura 9
Tercer examen parcial -Tercera correlación clínica,Asignatura 10
El estrés como respuesta autónoma,Asignatura 9
Gametogénesis,Asignatura 1
Cardiopatías congénitas  o adquirida. Usando las piezas de patología,Asignatura 4
Pronóstico,Asignatura 10
Examen teórico CMC,Asignatura 9
Taller Semiología Respiratoria,Asignatura 2
Cáncer de Piel,Asignatura 1
Orientación para el examen final,Asignatura 1
Conceptos básicos de inferencia causal aplicados a ENT I,Asignatura 3
Actividad integradora - glaucoma,Asignatura 7
Expresando la Medicina,Asignatura 10
Ácidos nucléicos,Asignatura 1
"C-SM Farmacocinética: Eliminación de Fármacos, Concentración en estado estable, Vida media.",Asignatura 6
Tutoria 2 Semiologia Cardiovascular/Respiratorio,Asignatura 10
Síndrome de intestino irritable,Asignatura 10
Examen final SYM1,Asignatura 4
Lab. Fisiología de la respuesta autónoma,Asignatura 9
Pares craneanos Taller,Asignatura 9
Primera evaluacion teórica  fundamentos de la clínica,Asignatura 1
Actividad integradora- miembro inferior - SN autonomo,Asignatura 9
Tutoria 2 Semiologia Cardiovascular/Respiratorio,Asignatura 10
Segunda evaluación teórica fundamentos de la clinica,Asignatura 4
C-SM Organización microscópica del sistema reproductor femenino 2,Asignatura 7
Repaso CMC,Asignatura 9
OSCE 1,Asignatura 10
Taller de caracterización de vulnerabilidad (Primer avance),Asignatura 9
Trastornos convulsivos,Asignatura 10
Citoesqueleto,Asignatura 1
47. Sindromes ulcerativos bacterianos,Asignatura 10
Actividad integadora - Afecto,Asignatura 9
Estructuras macroscópicas riñón y vías urinarias ,Asignatura 6
"Ténicas histologicas (Placas de los diferentes tejidos. Taller de Técnica Histologíca: H-E, Mallory, PAS y ME ,inmunohistoquimica)",Asignatura 1
Neumonia adquirida en la comunidad - Adultos - Situaciones integradoras,Asignatura 10
Semiología Ruidos Cardiacos / Sesión Ekg 2.,Asignatura 10
"Anfiteatro región supraclavicular, superficial de cuello, tiroides y vascular de cuello/ Laboratorio histología de tiroides",Asignatura 1
Estructuras microscópicas riñón y vías urinarias 1,Asignatura 6
"Examen práctico histología, neuroanatomía y PFPC III",Asignatura 9
Examen final oral primer semestre ,Asignatura 2
Chequeo semanal,Asignatura 7
Tutoria 3 Semiologia Abdomen,Asignatura 10
Taller de exploración psicopatológica 1: Entrevista clínica psiquiátrica ,Asignatura 9
Taller sondas vesicales,Asignatura 7
Transducción de señales lumínicas,Asignatura 7
Ciclo de Krebs,Asignatura 4
"Taller de exploración psicopatológica 5. Pensamiento, lenguaje y sensopercepción",Asignatura 9
Tutoria 3 Semiologia Abdomen,Asignatura 10
Simposio bloque naranja,Asignatura 4
Espacio de trabajo videos,Asignatura 9
Diferencias entre procariotes y eucariotes,Asignatura 1
Festivo,Asignatura 10
Evaluación final práctico,Asignatura 7
Medidas de resumen y presentación de datos (ejercicios de R),Asignatura 3
Taller huesos craneo y cara- nariz- senos paranasales- Mesa Sectra,Asignatua 4
Aspectos clínicos de la lesión renal aguda,Asignatura 7
Embriología organos de los sentidos: ojo y oído,Asignatura 9
Hidrodinámica corporal: fenómenos celulares,Asignatura 1
Antibióticos en piel,Asignatura 10
Valvulopatía arritmia,Asignatura 1
"Intestino delgado y grueso, páncreas e hígado",Asignatura 7
"Fosas nasales, paredes y relaciones ",Asignatura 3
C-SM Digestión y absorción 1,Asignatura 5
Cavidad abdominopélvica,Asignatura 7
Tutoria 4 Semiologia Neurologica/Musculo-esqueletico,Asignatura 10
Tejido muscular 1 y 2,Asignatura 1
Retos farmacológicos en osteoporosis,Asignatura 10
Supletorios CMC - FPC III - S y V,Asignatura 9
Sistemas reproductores femenino y masculino (2110),Asignatura 7
7. Silicoantracosis,Asignatura 1
"Buena prescripción, polimedicación y desprescripción en el anciano",Asignatura 10
Expresión génica diferencial,Asignatura 1
Errores Innatos del Desarrollo y Crecimiento Morfogenético,Asignatura 7
Tutoria 4 Semiologia Neurologica/Musculo-esqueletico,Asignatura 10
Segundo parcial ,Asignatura 1
Actividad integradora - Movimientos anormales,Asignatura 9
"Estudios epidemiológicos descriptivos (reportes de caso, series de casos y transversales)",Asignatura 7
Simposio bloque naranja,Asignatura 4
Actividad integradora  8 MIEMBRO INFERIOR,Asignatura 9
Caso 14. S.locomotor - Reumatología,Asignatura 10
Generalidades de la evaluación clínica ostemuscular. Semiología osteomuscular del dorso y la columna,Asignatura 9
Enamoramiento,Asignatura 1
Expresando la Medicina IV Grupo 1 Compasión y vulnerabilidad / Grupo 2 Medicina Narrativa,Asignatura 9
Tutoria 2 Semiologia Cardiovascular/Respiratorio,Asignatura 10
Cefaleas - Situaciones integradoras,Asignatura 10
Evaluación del crecimiento y el desarrollo puberal,Asignatura 7
Taller de exploración psicopatológica 4: Valoración de la memoria y las funciones ejecutivas,Asignatura 9
Lucía y el samán entre la vida y la muerte ,Asignatura 1
Farmacodinamia de medicamentos que regulan el pensamiento ,Asignatura 9
10. Valvulopatia/Arritmia,Asignatura 4
Gastrulación,Asignatura 1
Evaluación final escrita,Asignatura 1
EXAMEN PRACTICO CMC Y FPC III,Asignatura 9
Seguimiento de tutores,Asignatura 3
"Pared abdominal, cavidad oral, faringe, esófago, estómago y bazo",Asignatura 7
Organización microscópica del hueso,Asignatura 7
"Intestino delgado y grueso, páncreas e hígado",Asignatura 7
Alteraciones en el metabolismo del calcio + Taller - mecanismos potenciales para intervenir en la osteoporosis y el metabolismo fosfocálcico.,Asignatura 7
Vejez y Envejecimiento,Asignatura 1
Examen parcial práctico,Asignatura 7
Pruebas diagnósticas,Asignatura 10
Examen Parcial ,Asignatura 9
Estructuras macroscópicas riñón y vías urinarias ,Asignatura 6
Miembro superior 4,Asignatura 9
C-SM Neoplasias prevalentes del sistema reproductor femenino  (Útero),Asignatura 7
Semiologia cardiaca CSC. Grupo Viernes,Asignatura 2
Deficiencia de piruvato Carboxilasa ,Asignatura 4
Examen final,Asignatura 10
Escenarios Simulados con Debriefing,Asignatura 10
59. Otras sistémicas e Intrahospitalarias,Asignatura 10
"C-SM Adaptaciones puerperales y neonatales, lactancia",Asignatura 7
C-SM Función sexual femenina,Asignatura 7
Oftalmoscopia/Otoscopia / Sesión Ekg 1,Asignatura 10
Pared torácica,Asignatura 1
Presentación videos,Asignatura 9
Fisiopatología de los síntomas gástricos y semiología de las enfermedades gástricas mas comunes,Asignatura 7
Presentación Taller de vulnerabilidad,Asignatura 9
"Genitales ambiguos/ Hiperplasia suprarrenal congénita (Impacto hidroelectrolítico, ácido-base y en el desarrollo sexual)",Asignatura 6
Tutoria 2 Semiologia Cardiovascular/Respiratorio,Asignatura 10
Oliguria/ Lesión renal secundaria a hipovolemia,Asignatura 6
OSCE 2,Asignatura 10
Reunión con tutores,Asignatura 3
Repaso Anfiteatro,Asignatura 7
EVALUACIÓN 1 T-P ,Asignatura 6
Fisiopatología de los síntomas intestinales y semiología de las enfermedades intestinales mas comunes,Asignatura 7
10-12. Reacciones de hipersensibilidad 1-4 y Tecnicas para evaluacion der Acs,Asignatura 10
Comparación estadística de riesgos y otros parámetros poblacionales,Asignatura 7
Enfermedad renal aguda y crónica,Asignatura 7
"Ténicas histologicas (Placas de los diferentes tejidos. Taller de Técnica Histologíca: H-E, Mallory, PAS y ME ,inmunohistoquimica)",Asignatura 1
Anfiteatro corazon y circulación coronaria/ Laboratorio histología de corazón grupos 2,Asignatura 1
Enzimas: Clasificación internacional de enzimas,Asignatura 1
Primera evaluación oral parte grupal 6. Enfermedad obstructiva,Asignatura 1
"Anfiteatro nariz senos paranasales, trigemino,fosa pterigopalatina y laringe/ Laboratorio de histología de via aerea superior/ 2 grupos",Asignatua 4
"Unidades, concentraciones y pH ",Asignatura 1
Uso seguro de vitaminas y minerales durante la gestación.,Asignatura 7
Seguimiento de tutores,Asignatura 3
Actividad integradora - demencia,Asignatura 9
Trabajo como determinante social,Asignatura 1
Examen final práctico CMC,Asignatura 9
Tutoria 3 Semiologia Abdomen,Asignatura 10
Seguimiento de tutores,Asignatura 3
Antiarritmicos,Asignatura 1
Cardiopatía isquémica (Patologia-Md Interna )Meek,Asignatura 4
Supersistemas de control,Asignatura 1
INDUCCIÓN GENERAL COORDINACIÓN DEL SEMESTRE,Asignatura 10
Evaluación final escrita,Asignatura 1
Enfermedad de Chagas - Situación integradora,Asignatura 10
Inflamación,Asignatura 1
"Intestino delgado y grueso, páncreas e hígado",Asignatura 7
Diarrea / malabsorción,Asignatura 5
Evaluación de la validez y la reproducibilidad de las pruebas de tamización y diagnóstico,Asignatura 7
 Conceptos centrales en historia de la medicina: paradigmas y prácticas en salud II,Asignatura 1
Tutoria 1 Semiologia General/Cabeza y Cuello,Asignatura 10
Génesis del potencial de Membrana,Asignatura 1
Taller de anatomía vias de respuesta autónoma,Asignatura 9
Prácticas 1 y 2 de fisiología cardiovascular,Asignatura 1
Huesos del craneo (Fosa anterior y media),Asignatura 3
Seguimiento de tutores,Asignatura 3
Anfiteatro corazon y circulación coronaria/ Laboratorio histología de corazón grupos 2,Asignatura 1
Malnutrición,Asignatura 4
25. Inmnunidad Mucosa Respiratoria,Asignatura 10
Dolor torácico no coronario,Asignatura 1
Evaluación Corte 2,Asignatura 10
1a Evaluación sustentación integradoras grupal,Asignatura 5
Presentación estudiantes - tutoria 1,Asignatura 10
Seguimiento de tutores,Asignatura 3
Semiologia cardiaca CSC. Grupo Jueves ,Asignatura 2
C-SM Biología del desarrollo del sistema urinario 1,Asignatura 6
Anfiteatro pulmones/Laboratorio  de vasos-  Laboratorio histología de vasos grupos 2,Asignatura 1
Tutoria 2 Semiologia Cardiovascular/Respiratorio,Asignatura 10
Histología funcional intestinal,Asignatura 5
Oftalmoscopia/Otoscopia / Sesión Ekg 1,Asignatura 10
EPOC - Situaciones integradoras,Asignatura 10
chequeo semanal,Asignatura 9
Modelado vías de administración ,Asignatura 2
EXAMEN ORAL,Asignatura 10
Taller: Ventilación pulmonar y Mécanica ventilatoria Jueves,Asignatura 2
Supletorios IV sem CMC y FPC III,Asignatura 7
"Anatomía e histología de orbita, ojo, párpados y vías lacrimales 
( parte 1)",Asignatura 9
Biosíntesis de AA,Asignatura 4
Conflicto armado y vulnerabilidad,Asignatura 9
C-SM Trastornos de la función glomerular,Asignatura 6
Chequeo 6,Asignatura 9
Teorías del origen de la vida - La noción de vida,Asignatura 1
Trauma de Tórax,Asignatura 2
Segunda evaluación práctica. Sitemas y Metabolismo1 (Anatomia-histologia-patologia) Retroalimentación del examen,Asignatura 4
Semiologia cardiaca CSC. Grupo Jueves ,Asignatura 2
Desarrollo de medicamentos,Asignatura 1
Cuidado de la casa común,Asignatura 1
Semiologia cardiaca CSC. Grupo Jueves ,Asignatura 2
Intervenciones para la modificación de comportamientos de riesgo,Asignatura 7
1a Evaluación sustentación integradoras grupal,Asignatura 6
Tutoria 1 Semiologia General/Cabeza y Cuello,Asignatura 10
Clasificación internacional de enzimas,Asignatura 1
Hipertensión arterial - Situaciones integradoras,Asignatura 10
Trastornos túbulo intersticiales 1 y 2. Lesión renal aguda y enfermedad renal crónica (aspectos patológicos),Asignatura 6
C-SM Organización microscópica del sistema reproductor femenino 3,Asignatura 7
Segunda evaluación fundamentos biológicos,Asignatura 1
Infertilidad,Asignatura 1
9. Hipovolemia,Asignatura 1
PRMBE. Abordaje BGN CGP Farmacologia,Asignatura 10
Tutoria 1 Semiologia General/Cabeza y Cuello,Asignatura 10
Tutoria 2 Semiologia Cardiovascular/Respiratorio,Asignatura 10
Líquidos y electrolitos,Asignatura 1
C-SM Organización microscópica del sistema urinario,Asignatura 6
chequeo semanal,Asignatura 9
Taller anfiteatro de oido,Asignatura 7
Taller modificación del balance de líquidos y electrolitos desde la intervención en la función renal,Asignatura 6
Segundo examen,Asignatura 10
C-SM Estructuras micro renales 2 (Estructuras tubulares e irrigación),Asignatura 6
Orientación y planos,Asignatura 1
Segundo examen,Asignatura 10
Tutoria 2 Semiologia Cardiovascular/Respiratorio,Asignatura 10
Procedimientos SNG /IM Acceso venoso / Especuloscopía/sonda vesical,Asignatura 10
Taller de intervenciones farmacológicas de transtornos del pensamiento,Asignatura 9
Tutoria 3 Semiologia Abdomen,Asignatura 10
TBC,Asignatua 4
Arbovirosis - Situaciones integradoras,Asignatura 10
Hematoquecia /Sangrado de vías digestivas bajas (énfasis en patología neoplásica),Asignatura 5
Medidas de impacto,Asignatura 3
Determinantes de los patrones de actividad física I,Asignatura 3
Presentación curso,Asignatura 10
Chequeo semanal,Asignatura 7
Oliguria/ Lesión renal secundaria a hipovolemia,Asignatura 6
Examen habilidades clínicas,Asignatura 7
Curso de la vida como determinante en salud,Asignatura 1
Correlación imágenes DX abdomen y pelvis ,Asignatura 7
Reproductor masculino,Asignatura 7
Chequeo 9,Asignatura 9
"Examen práctico histología, neuroanatomía y PFPC III",Asignatura 7
Tutoria 2 Semiologia Cardiovascular/Respiratorio,Asignatura 10
Induccion,Asignatura 10
Anfiteatro pelvis osea & Cond. Inguinal ,Asignatura 7
Enfermedad genética frecuente en una región,Asignatura 1
Tutoria 3 Semiologia Abdomen,Asignatura 10
Intoxicación aguda por alcohol,Asignatura 1
"Examen práctico histología, neuroanatomía y PFPC III",Asignatura 7
Semiologia cardiaca CSC. Grupo Jueves ,Asignatura 2
actividad integradora - Psicosis,Asignatura 9
Conceptos básicos en genética,Asignatura 1
Estructuras microscópicas riñón y vías urinarias 1,Asignatura 6
Cálculo de fenómenos eléctricos biológicos,Asignatura 1
Presentación de protocolos,Asignatura 3
Repaso Neuroanatomía - histología,Asignatura 9
Explicación biosocial de la conducta humana normal (conducta motivada),Asignatura 9
Acné - Leshmaniasis - Lepra - Situaciones integradoras,Asignatura 10
Intoxicación aguda por alcohol,Asignatura 1
Semiologia cardiaca CSC. Grupo Viernes,Asignatura 2
Estudio-repaso- anatomia/histologia y patología,Asignatura 4
"Lab bioq, Fisio, Microscopia",Asignatura 1
1a Evaluación sustentación integradoras grupal,Asignatura 5
Tutoria 3 Semiologia Abdomen,Asignatura 10
 Variables del sistema cardiovascular ,Asignatura 1
Semiología general y errores frecuentes en aproximación inicial al paciente,Asignatura 7
Práctica de enfermería ,Asignatura 2
Ventilación y mecanica ventilatoria fundamentación teórica,Asignatura 2
Taller de anatomía vias de respuesta autónoma,Asignatura 9
Bioquímica Clínica,Asignatura 4
Lavado de Manos,Asignatura 1
Revisión de Notas,Asignatura 3
Infertilidad,Asignatura 1
Cálculo de fenómenos eléctricos biológicos,Asignatura 1
Repaso Neuroanatomía - histología,Asignatura 7
Seguimiento de tutores,Asignatura 3
Principios de Medicina Nuclear,Asignatura 2
2a Evaluación sustentación integradoras grupal,Asignatura 6
Intoxicación aguda por alcohol,Asignatura 1
Estructura y función de azúcares,Asignatura 1
Sesión Ekg 4. /ejercicios integradores cardio respiratorio/ Rx tórax,Asignatura 10
Semiologia cardiaca CSC. Grupo Jueves ,Asignatura 2
Semiologia cardiaca CSC. Grupo Jueves ,Asignatura 2
Generalidades de cráneo,Asignatura 7
Chequeo semanal,Asignatura 7
Patología de páncreas y vía biliar,Asignatura 5
Prueba de tolerancia a la glucosa oral,Asignatura 4
Supletorios III corte (Pruebas rápidas y  Parcial),Asignatura 7
Tutoria 2 Semiologia Cardiovascular/Respiratorio,Asignatura 10
Poblaciones y sujetos de estudio,Asignatura 3
Mantenimiento de la salud - Situaciones integradoras,Asignatura 10
Semiología Ruidos Cardiacos / Sesión Ekg 2.,Asignatura 10
Presentación de información ,Asignatura 1
Reunión con tutores,Asignatura 3
Acompañamiento decanatura (Dirección de carrera),Asignatura 3
Lípidos y vitaminas liposolubles,Asignatura 1
Glándulas salivares y páncreas,Asignatura 5
Tutoria 1 Semiologia General/Cabeza y Cuello,Asignatura 10
Repaso Neuroanatomía - histología,Asignatura 7
Medula espinal configuración interna segmentación medular y reflejos,Asignatura 7
Datos contextuales fuentes secundarias ,Asignatura 9
Taller de miembro inferior 2,Asignatura 9
Expresando la Medicina IV Grupo 1 Compasión y vulnerabilidad / Grupo 2 Medicina Narrativa,Asignatura 9
EVALI,Asignatua 4
Farmacodinamia de la sinapsis,Asignatura 7
"Anfiteatro de medula espinal, configuración interna reflejos y contenido del canal medular",Asignatura 7
Tutoria 2 Semiologia Cardiovascular/Respiratorio,Asignatura 10
Anatomía de los riñones y las vías urinarias (SYM2),Asignatura 7
Semiologia Ruidos Respiratorios /Rx tórax/ Sesión Ekg 3.,Asignatura 10
Ética de la fertilidad,Asignatura 10
Simposio bloque naranja,Asignatura 4
Semiologia cardiaca CSC. Grupo Viernes,Asignatura 2
Primera evaluación parte grupal Asma,Asignatura 1
78. Cancer en el anciano,Asignatura 10
C-SM Biología del desarrollo de tracto gastrointestinal 2,Asignatura 4
Fibrosis Quistica,Asignatura 1
Intervenciones no farmacológicas en adultos mayores (Centro de simulación),Asignatura 10
Revisiones sistemáticas de la literatura,Asignatura 10
Cuando el anciano cae,Asignatura 7
16. Malnutrición,Asignatura 4
Presentación DII,Asignatura 9
Prácticas 1 y 2 de fisiología cardiovascular,Asignatura 1
Reproductor masculino,Asignatura 7
Tutoria 3 Semiologia Abdomen,Asignatura 10
Examen final oral primer semestre ,Asignatura 2
Primera evaluacion teórica  fundamentos de la clínica,Asignatura 1
79. Taller intervenciones: presentación final de los trabajos ,Asignatura 10
Formas farmacéuticas y parámetros farmacocinéticos,Asignatura 1
Avances taller de Vulnerabilidad,Asignatura 9
Antibióticos en piel,Asignatura 10
Debilidad e ictericia / Cirrosis ,Asignatura 5
"Medioambiente, ética y salud",Asignatura 1
Semiologia cardiaca CSC. Grupo Jueves ,Asignatura 2
Interpretación de las pruebas de función hepática,Asignatura 7
Actividad integadora - Afecto,Asignatura 9
Músculo como órgano endocrino.,Asignatura 4
Meiosis,Asignatura 1
Tutoria 1 Semiologia General/Cabeza y Cuello,Asignatura 10
Nutrición en el paciente geríatrico,Asignatura 10
"Neurona, glia y fibra nerviosa",Asignatura 1
Pares craneanos Taller,Asignatura 9
Presentación estudiantes -tutoria 1,Asignatura 10
Edema/ Enfermedad renal diabética,Asignatura 6
Mitocondria,Asignatura 1
Terminología,Asignatura 1
Acné - Leshmaniasis - Lepra - Situaciones integradoras,Asignatura 10
Intervención,Asignatura 10
Semiologia cardiaca CSC. Grupo Viernes,Asignatura 2
Farmacología secreción ácida,Asignatura 5
Transtornos hemodinámicos (patología)Meek,Asignatura 4
Regulación de la fecundidad. Situaciones integradoras.,Asignatura 10
Comunicación intercelular para el establecimiento de tejidos,Asignatura 1
Cromosomopatías,Asignatura 1
Vejez y Envejecimiento,Asignatura 1
Histología de las vías aéreas superiores,Asignatura 3
Circuito equivalente,Asignatura 1
2. Infeccion respiratoria alta,Asignatua 4
Sangrado vaginal,Asignatura 7
Semiologia cardiaca CSC. Grupo Viernes,Asignatura 2
OSCE 1,Asignatura 10
Semiología y psicopatología de la conducta sexual,Asignatura 9
Sistema Osteomuscular,Asignatura 1
Tutoria 1 Semiologia General/Cabeza y Cuello,Asignatura 10
Edema/ Enfermedad renal diabética,Asignatura 6
Introducción a la inteligencia artificial,Asignatura 1
Estructuras macroscópicas riñón y vías urinarias ,Asignatura 6
16. Piel Fungicas ,Asignatura 10
"Genitales ambiguos/ Hiperplasia suprarrenal congénita (Impacto hidroelectrolítico, ácido-base y en el desarrollo sexual)",Asignatura 6
Tutoria 1 Semiologia General/Cabeza y Cuello,Asignatura 10
Semiología Cardiovascular,Asignatura 10
Antibioticoterapia NAC,Asignatura 10
Actividad integadora - Afecto,Asignatura 9
Semiologia cardiaca CSC. Grupo Viernes,Asignatura 2
C-SM Anatomía funcional de V3,Asignatura 4
Silicoantracosis,Asignatura 1
Seguimiento de tutores,Asignatura 3
EXAMEN TEÓRICO CMC,Asignatura 9
 Mecanismos potenciales para intervenir el eje hipotálamo - hipofisiario - ovárico.,Asignatura 7
Segunda evaluación teórica SYM1,Asignatura 4
Tutoria 2 Semiologia Cardiovascular/Respiratorio,Asignatura 10
Debilidad e ictericia / Cirrosis ,Asignatura 5
Introducción a radiología,Asignatura 1
Fertilización,Asignatura 1
29. Infecciones Cardiológicas (Chagas-Endocarditis-Fiebre Reumática),Asignatura 10
Motivaciones no concientes de la conducta,Asignatura 9
Evaluación final  práctica. Sitemas y Metabolismo1 (Anatomia-histologia-patologia) Retroalimentación del examen,Asignatura 4
Tutoria 3 Semiologia Abdomen,Asignatura 10
Simposio Bloque Naranja,Asignatura 2
"Examen práctico histología, neuroanatomía y PFPC III",Asignatura 7
Semiología y psicopatología del lenguaje,Asignatura 9
Seminario de control neuroendocrino de la glicemia (estados pre y postprandial) y análisis de resultados curva de tolerancia a la glucosa oral.,Asignatura 5
Tutoria 3 Semiologia Abdomen,Asignatura 10
Presentación videos,Asignatura 9
"Cálculo de riesgo, casos de herencia no mendeliana",Asignatura 1
Seguimiento de tutores,Asignatura 3
EXAMEN ORAL,Asignatura 10
Estructuras microscópica hígado y vesícula biliar,Asignatura 5
Taller farmacocinética/ Absorción,Asignatura 5
Cardiopatía congénita,Asignatura 4
Alteraciones estructurales de lesiones vasculares y traumáticas ,Asignatura 7
Histología funcional desde boca hasta estómago,Asignatura 4
Tutoria 1 Semiologia General/Cabeza y Cuello,Asignatura 10
EVALI,Asignatua 4
"Pared abdominal, cavidad oral, faringe, esófago, estómago y bazo",Asignatura 7
Enfermedad genética frecuente en una región,Asignatura 1
Anatomía de la pélvis ósea,Asignatura 7
Tutoria 4 Semiologia Neurologica/Musculo-esqueletico,Asignatura 10
Tutoria 4 Semiologia Neurologica/Musculo-esqueletico,Asignatura 10
Tutoria 2 Semiologia Cardiovascular/Respiratorio,Asignatura 10
Sistema urinario 1,Asignatura 6
Intervenciones no farmacológicas en adultos mayores (Centro de simulación),Asignatura 10
Trastornos de oxigenación y ventilación/Vía aérea,Asignatura 10
"Epitelios de revestimiento y glandulares (Placas de los diferentes tejidos. Taller de Técnica Histologíca: H-E, Mallory, PAS y ME ,inmunohistoquimica)",Asignatura 1
C-SM Organización microscópica del hueso 1,Asignatura 7
Semiología osteomuscular 2 : extremidad superior,Asignatura 9
Corazón (Histología),Asignatura 1
"Disfagia /  Trastorno de la motilidad gastrointestinal
",Asignatura 5
chequeo semanal,Asignatura 9
Infección respiratoria alta,Asignatura 4
Malnutrición,Asignatura 4
Papel renal en el control y regulación de la presión arterial y del equilibrio ácido-base,Asignatura 6
Bases biológicas de la conducta alimentaria,Asignatura 9
Psicopatología de la inteligencia y el aprendizaje - valoración clínica,Asignatura 9
8. Dolor toracico no coronario,Asignatura 1
Actividad integradora 11 PSICOSIS,Asignatura 9
Reunión con tutores,Asignatura 3
Personas en condición de discapacidad,Asignatura 9
9. Hipovolemia,Asignatura 1
"Disfagia /  Trastorno de la motilidad gastrointestinal
",Asignatura 4
Examen parcial teórico,Asignatura 7
"Neurona, glia y fibra nerviosa",Asignatura 1
Hipovolemia,Asignatura 1
Semiologia cardiaca CSC. Grupo Viernes,Asignatura 2
Generalidades bioenergética/  Generalidades de las biomoléculas,Asignatura 4
Tejido linfoide,Asignatura 1
Migración y vulnerabilidad,Asignatura 9
Anfiteatro de Nucleos basales y tallo y Taller de vías medulares y cerebelosas,Asignatura 9
"C-SM Aspectos genéticos del crecimiento celular, tisular y pondoestatural",Asignatura 7
Comportamientos de riesgo. Percepción de riesgo,Asignatura 7
Farmacología de las insulinas,Asignatura 4
"Unidades, concentraciones y pH ",Asignatura 1
Presentación curso,Asignatura 10
Diarrea / malabsorción,Asignatura 5
Examen final poblacion y salud,Asignatura 4
Arbovirosis,Asignatura 10
Tutoria 1 Semiologia General/Cabeza y Cuello,Asignatura 10
Pared abdominal,Asignatura 7
Sistemas reproductores masculino y femenino ,Asignatura 7
Actividad integradora -dolor,Asignatura 7
24. Laboratorio de Resistencia Antimicrobiana  - Grupo B,Asignatura 10
1a Evaluación sustentación integradoras grupal,Asignatura 5
Estructuras macroscópicas riñón y vías urinarias ,Asignatura 6
actividad integradora de cierre,Asignatura 9
Chequeo semanal,Asignatura 7
Hematoquecia /Sangrado de vías digestivas bajas (énfasis en patología neoplásica),Asignatura 4
"Ténicas histologicas (Placas de los diferentes tejidos. Taller de Técnica Histologíca: H-E, Mallory, PAS y ME ,inmunohistoquimica)",Asignatura 1
Procedimientos SNG /IM Acceso venoso / Especuloscopía/sonda vesical,Asignatura 10
Ética médica y riesgo,Asignatura 7
Enzimas: Cinética e inhibición enzimática,Asignatura 1
Gestación adolescente en población desplazada,Asignatura 7
Caso 15. Inmunosupresión - HIV,Asignatura 10
Reproductor masculino,Asignatura 7
Principios de gerontología,Asignatura 7
Regulación sistemica cardiovascular,Asignatura 1
Transferencia del conocimiento científico,Asignatura 10
Biomoléculas: Función en el metabolismo,Asignatura 1
Regulación neurobiológica de la función cardiovascular,Asignatura 9
Simposio bloque naranja,Asignatura 4
Caso 04. OTRL - Ojo Rojo,Asignatura 10
Teorías de membrana,Asignatura 1
chequeo semanal,Asignatura 9
Biomoléculas,Asignatura 1
Principios básicos de radiología,Asignatura 2
Tutoria 1 Semiologia General/Cabeza y Cuello,Asignatura 10
Telemedicina,Asignatura 10
70. Oportunistas HIV ,Asignatura 10
Pared arterial,Asignatura 1
Actividad integradora  5 MOV ANORMALES,Asignatura 9
Actividad integradora - glaucoma,Asignatura 7
Supletorio II corte (Parcial),Asignatura 7
Cáncer de Piel,Asignatura 1
Organización microscópica del hueso,Asignatura 7
Red autonómica central,Asignatura 9
Semiologia cardiaca CSC. Grupo Jueves ,Asignatura 2
Anfiteatro de Dorso,Asignatura 7
TBC,Asignatua 4
Supletorios CMC - FPC III - S y V,Asignatura 9
"Medioambiente, ética y salud",Asignatura 1
Enfermedad por reflujo gastroesofágico - Situaciones integradoras,Asignatura 10
Segunda evaluación teórica SYM1,Asignatura 4
Toxicidad renal de fármacos,Asignatura 6
HTA-IAM,Asignatura 1
Patrones de herencia,Asignatura 1
C-SM Trastornos del colon,Asignatura 5
C-SM Organización microscópica de intestinos delgado y grueso ,Asignatura 4
Funciones energéticas y estructurales de monosacáridos,Asignatura 1
Medidas epidemiológicas y generación de informes,Asignatura 1
Examen teórico CMC,Asignatura 7
Cadena de custodia - asalto sexual,Asignatura 10
Introducción a la asignatura de Salud y Vulnerabilidad,Asignatura 9
Enfermedad por transporte protéico intracelular,Asignatura 1
"Estilos de vida, cultura y salud como determinantes sociales",Asignatura 1
Soporte Vital,Asignatura 1
Semiologia cardiaca CSC. Grupo Jueves ,Asignatura 2
1. Contaminación,Asignatura 4
Anatomía funcional de intestinos y páncreas,Asignatura 5
Examen final teórico CMC,Asignatura 9
Histología de la tiroides,Asignatua 4
Tutoria 3 Semiologia Abdomen,Asignatura 10
Taller de exploración psicopatológica 6. Examen mental de entrevista a paciente,Asignatura 9
Caso 07. Sindrome Anémico,Asignatura 10
Búsquedas de la literatura,Asignatura 10
Planos corporales y derivados de capas germinativas,Asignatura 1
Enzimas: Cinética e inhibición enzimática,Asignatura 1
Aparato reproductor femenino y glándulas mamarias,Asignatura 7
"Lab bioq, Fisio, Microscopia",Asignatura 1
Taller modificación del balance de líquidos y electrolitos desde la intervención en la función suprarrenal,Asignatura 7
"Anfiteatro región supraclavicular, superficial de cuello, tiroides y vascular de cuello/ Laboratorio histología de tiroides",Asignatura 1
50. Laboratorio Uroanálisis - Grupo A,Asignatura 10
Diarrea / malabsorción,Asignatura 5
¿Cómo funciona el sistema de salud colombiano?,Asignatura 9
Hemotransfusión,Asignatura 1
Interpretación del uroanálisis,Asignatura 7
41. Hemostasia: Coagulación fase humoral y mecanismos de control (patologias asociadas y dx laboratorio),Asignatura 10
Terapia eléctrica en reanimación/desfibrilación/cardioversión/Marcapaso transcutáneo,Asignatura 10
72. Vulnerabilidad social en adulto mayor,Asignatura 10
Segunda Evaluación Teoríca Sistemas y Metabolismo I,Asignatura 2
Glándulas salivares y páncreas,Asignatura 5
Tutoria 3 Semiologia Abdomen,Asignatura 10
OSCE 2,Asignatura 10
"Pared abdominal, cavidad oral, faringe, esófago, estómago y bazo",Asignatura 7
EVALUACION PRÁCTICA,Asignatura 7
Terminología,Asignatura 1
Lípidos y vitaminas liposolubles,Asignatura 1
Tercera Evaluación Parcial,Asignatura 7
EXAMEN ORAL,Asignatura 10
Introducción (Antecedentes y Justificación).,Asignatura 3
71. Abordaje de la evaluación social en el adulto mayor,Asignatura 10
Semiologia cardiaca CSC. Grupo Viernes,Asignatura 2
"Intestino delgado y grueso, páncreas e hígado",Asignatura 7
Primer examen,Asignatura 10
Semiologia cardiaca CSC. Grupo Jueves ,Asignatura 2
Patología reproductiva Femenina (Tracto genital femenino) + Patología de Seno,Asignatura 7
Seminario de control neuroendocrino de la glicemia (estados pre y postprandial) y análisis de resultados curva de tolerancia a la glucosa oral.,Asignatura 5
Reproductor masculino,Asignatura 7
Tutoria 3 Semiologia Abdomen,Asignatura 10
Tutoria 4 Semiologia Neurologica/Musculo-esqueletico,Asignatura 10
Neuropatia Guillain Barre,Asignatura 1
Tutoria 2 Semiologia Cardiovascular/Respiratorio,Asignatura 10
Antibióticos en infecciones de transmisión sexual,Asignatura 10
Simposio Bloque Naranja,Asignatura 2
Errores Innatos del Desarrollo y Crecimiento Morfogenético,Asignatura 7
Sistema nervioso autonomo,Asignatura 1
Seguimiento de tutores,Asignatura 3
Definición e introducción a la medición del riesgo. Conceptualización de enfoque de riesgo y enfoque poblacional,Asignatura 7
Patología neurodegenerativa,Asignatura 9
Seguimiento de tutores,Asignatura 3
 Evaluación final Práctica Sistemas y Metabolismo I,Asignatura 3
60. Contextualizacion Endocrinología Bàsicas,Asignatura 10
Mediastino,Asignatura 1
Semiologia cardiaca CSC. Grupo Viernes,Asignatura 2
Taller Semiología de vasos perifericos y toma de TA. Grupo Viernes,Asignatura 2
Prevención terciaria - Prevención cuaternaria,Asignatura 7
Aminoácidos y proteínas,Asignatura 1
"Anfiteatro de medula espinal, configuración interna reflejos y contenido del canal medular",Asignatura 7
Tutoria Psiquiatria,Asignatura 10
Seguimiento de tutores,Asignatura 3
Transporte celular,Asignatura 1
Oliguria/ Lesión renal secundaria a hipovolemia,Asignatura 6
Simposio Bloque Naranja,Asignatura 2
2a Evaluación sustentación integradoras grupal,Asignatura 7
Actividad integradora - oido,Asignatura 7
Tejido nervioso,Asignatura 7
54. Dengue hemorrágico,Asignatura 10
18. Obesidad,Asignatura 4
 Evaluación final Práctica Sistemas y Metabolismo I,Asignatura 3
Proteínas de interés biológico,Asignatura 1
"Unidades, concentraciones y pH ",Asignatura 1
Taller de intervenciones farmacológicas de transtornos del pensamiento,Asignatura 9
Prácticas 3 y 4 de fisiología cardiovascular,Asignatura 4
EXAMEN ORAL,Asignatura 10
Aspectos evolutivos de la conducta humana,Asignatura 9
Caso 09. Gineco - EPI/ETS,Asignatura 10
Inhaloterapia,Asignatura 10
Examen final,Asignatura 3
Histología de Cortezas SNC,Asignatura 7
Taller regulación neurobiológica de la función respiratoria-cardiovascular,Asignatura 9
Cuidado de la casa común,Asignatura 2
Anfiteatro de Nucleos basales y tallo y Taller de vías medulares y cerebelosas,Asignatura 9
Prácticas 3 y 4 de fisiología cardiovascular,Asignatura 4
Vejiga dolorosa,Asignatura 10
Taller sondas vesicales,Asignatura 7
Lavado de Manos,Asignatura 1
Organización microscópica del hueso,Asignatura 7
Historia clínica Anamnesis y examen,Asignatura 10
Embriología de gusto y olfato,Asignatura 9
Tutoria 3 Semiologia Abdomen,Asignatura 10
Silicoantracosis,Asignatura 1
Evaluacion Causalidad RAMs dermatológicas,Asignatura 10
Atmósfera y seres vivos,Asignatura 3
Ética de la fertilidad,Asignatura 10
Presentación estudiantes -tutoria 1,Asignatura 10
Sangrado vaginal,Asignatura 7
Embriología osteomuscular 1,Asignatura 7
Primera evaluación sistemas y metabolismo I,Asignatura 3
Regulación neurobiológica de la función respiratoria,Asignatura 9
"17. Piel, Terminología, embriologia, histología",Asignatura 10
Silicoantracosis,Asignatura 1
Tutoria 1 Semiologia General/Cabeza y Cuello,Asignatura 10
Organización del sistema cardiovascular,Asignatura 1
EXAMEN TEORICO PRACTICO FPC III ,Asignatura 9
Semiologia cardiaca CSC. Grupo Jueves ,Asignatura 2
Semiologia cardiaca CSC. Grupo Viernes,Asignatura 2
Prácticas 3 y 4 de fisiología cardiovascular,Asignatura 4
Embarazo y control prenatal - Situaciones integradoras,Asignatura 10
Tutoria 4 Semiologia Neurologica/Musculo-esqueletico,Asignatura 10
Taller de exploración psicopatológica 2:  Anamnesis - historia clínica,Asignatura 9
Chequeo semanal,Asignatura 7
Tutorías Clínica Grupo Jueves,Asignatura 2
Laboratorio histología de oido,Asignatura 7
Estructuras microscópicas riñón y vías urinarias 1,Asignatura 6
Tutoria 4 Semiologia Neurologica/Musculo-esqueletico,Asignatura 10
Tutoria 3 Semiologia Abdomen,Asignatura 10
Fisiopatología de los síntomas esofágicos y semiología de las enfermedades esofágicas mas frecuentes (PC2),Asignatura 7
Casos clínicos: correlación clínica-endoscópica en las enfermedades digestivas,Asignatura 7
23. Piel - Leishmaniasis,Asignatura 10
Mantenimiento de lasalud - Cáncer,Asignatura 10
Farmacogenética (Farmacología),Asignatura 1
HTA-IAM,Asignatura 1
C-SM Aspectos anatomo-patológicos de las enfermedades intestinales,Asignatura 5
Enfermedad de Chagas,Asignatura 10
Psicodesarrollo,Asignatura 9
"Anfiteatro de medula espinal, configuración interna reflejos y contenido del canal medular",Asignatura 7
"C-SM Genómica funcional, análisis de redes, biología de sistemas y análisis evolutivo en el entendimiento del envejecimiento humano",Asignatura 7
Teorías de origen de la vida y evolución de las especies,Asignatura 1
Tutoria 1 Semiologia General/Cabeza y Cuello,Asignatura 10
Estructuras microscópica hígado y vesícula biliar,Asignatura 5
"ESM-EVALUACIÓN 1ER PERIODO
SYM NUTRICIÓN (9-11 am)",Asignatura 6
OSCE 2,Asignatura 10
Seguimiento de tutores,Asignatura 3
Repaso Neuroanatomía - histología,Asignatura 9
 Evaluación final Práctica Sistemas y Metabolismo I,Asignatura 3
Anfiteatro Sistema Urinario,Asignatura 7
Examen final oral,Asignatura 4
Supletorios IV sem CMC y FPC III,Asignatura 7
Examen final PC1,Asignatura 4
Anfiteatro corazon y circulación coronaria/ Laboratorio histología de corazón grupos 2,Asignatura 1
Psicopatología de la personalidad,Asignatura 9
Primera evaluación parte grupal Asma,Asignatura 1
Caso 08. Gastroenterología - EDA,Asignatura 10
Osteoartritis - Gota - Artritis reumatoide - Pruebas diagnósticas en enfermedades reumatológicas - Situaciones integradoras,Asignatura 10
"Anfiteatro pared toracica, mediastino, hilio pulmonar  /Laboratorio pulmón",Asignatura 1
Taller modificación del balance de líquidos y electrolitos desde la intervención en la función renal,Asignatura 6
Escenarios Simulados con Debriefing,Asignatura 10
Taller farmacocinética/ Absorción,Asignatura 5
Obesidad,Asignatura 4
Bases psicodinámicas de la personalidad. Mecanismos de defensa,Asignatura 9
C-SM Procesamiento tubular del filtrado y homeostasis hidroelectrolítica 1,Asignatura 6
Tutorías Clínica Grupo Jueves,Asignatura 2
13. Cardiopatía congénita,Asignatura 4
Polisomnografía,Asignatura 9
5. TBC,Asignatura 1
Taller de miembro superior 1,Asignatura 9
Antibioticoterapia NAC,Asignatura 10
Tutoria Psiquiatria,Asignatura 10
Malformaciónes congénitas múltiples,Asignatura 1
Taller de miembro superior 2 G1,Asignatura 7
Alteraciones clinicas de los lipidos,Asignatura 2
Tutoria 1 Semiologia General/Cabeza y Cuello,Asignatura 10
Nucleótidos y cofactores,Asignatura 1
Abordaje Integrado del Cáncer de Próstata,Asignatura 6
"Laboratorio Simulación farmacocinética 1. Distribución, diferentes vías de administración. Gráficas Cp vs tiempo Dosis única y dosis múltiples. Parámetros farmacocinéticos: Volumen de distribución, vida media. Características de los gráficos.",Asignatura 7
Introspección y prospección,Asignatura 9
Taller anfiteatro de oido,Asignatura 7
EXAMEN TEÓRICO CMC,Asignatura 9
15. Diabetes Tipo 1,Asignatura 4
Prácticas 1 y 2 de fisiología cardiovascular,Asignatura 1
EVALUACION FINAL,Asignatura 10
Semiología y psicopatología del pensamiento,Asignatura 9
Taller de entrevista clínica. Grupo jueves,Asignatura 2
Tutorías Clínica Grupo Viernes,Asignatura 2
Adaptación metabólica al exceso de nutrientes,Asignatura 4
"EVALUACIÓN 2° PERIODO
9-11 am",Asignatura 7
Antiretrovirales,Asignatura 10
Semiologia cardiaca CSC. Grupo Jueves ,Asignatura 2
Pruebas diagnósticas,Asignatura 10
Enfermedad genética frecuente en una región,Asignatura 1
43. Laboratorio Gastro - EDA - Grupo A,Asignatura 10
Cadena respitoria ,Asignatura 4
Tutorías Clínica Grupo Jueves,Asignatura 2
Taller de examen físico osteomuscular ,Asignatura 9
"Composicion Corporal  (antropometria ), gasto energético y metabolismo.",Asignatura 4
¿Fumar para manejar el estrés?,Asignatura 1
chequeo semanal,Asignatura 9
Prueba de tolerancia a la glucosa oral,Asignatura 4
Simposio Bloque Naranja,Asignatura 2
Estructura y función de azúcares,Asignatura 1
C-SM Estructuras micro renales 1 (Intersticio y ovillo glomerular) ,Asignatura 6
Taller: Ventilación pulmonar y Mécanica ventilatoria Jueves,Asignatura 2
C-SM Neoplasias prevalentes del sistema reproductor femenino  (Seno),Asignatura 7
Clasificación internacional de enzimas,Asignatura 1
Toxicidad renal de fármacos,Asignatura 6
Supletorios IV sem CMC y FPC III,Asignatura 7
8. Dolor toracico no coronario,Asignatura 1
Evaluación oral,Asignatura 1
Patología de vasos sanguíneos-Meek,Asignatura 4
Examen componente práctico módulo 3 FPC III,Asignatura 9
Deshidratación (EDA)  / Evaluación oral biológicos,Asignatura 1
19. Laboratorio de Microbiología - Grupo B,Asignatura 10
Edema/ Enfermedad renal diabética,Asignatura 6
Tutoria 2 Semiologia Cardiovascular/Respiratorio,Asignatura 10
Taller de encéfalo y medula,Asignatura 9
17. Dislipidemia,Asignatura 4
Tutoria 3 Semiologia Abdomen,Asignatura 10
Tutoria 1 Semiologia General/Cabeza y Cuello,Asignatura 10
Comunicación del riesgo,Asignatura 7
Ingresos economicos y estatus social,Asignatura 1
Repaso Neuroanatomía - histología,Asignatura 9
chequeo semanal,Asignatura 9
"Lab bioq, Fisio, Microscopia",Asignatura 1
5. TBC,Asignatura 1
Aparato reproductor femenino y glándulas mamarias,Asignatura 7
 Evaluación final Práctica Sistemas y Metabolismo I,Asignatura 3
Paredes y contenido de la pelvis blanda,Asignatura 7
chequeo semanal,Asignatura 9
Taller de miembro superior 3 y 4,Asignatura 9
Taller de miembro inferior 2,Asignatura 9
Laboratorio integrador de neurofisiología (aplicación de la inteligencia artificial),Asignatura 9
Miastenia Gravis,Asignatura 2
68. HIV Contextualizacion Básicas,Asignatura 10
"ESM-EVALUACIÓN 1ER PERIODO
SYM NUTRICIÓN (9-11 am)",Asignatura 6
Histología del Oído,Asignatura 9
49. ETS - Sindromes de secrecion uretro vaginales y Secreciones vaginales - NO ETS - Vaginosis,Asignatura 10
Semiología de Neurología,Asignatura 10
Embriología del sistema respiratorio,Asignatura 1
Semiologia cardiaca CSC. Grupo Jueves ,Asignatura 2
Redes Asistenciales Integradas ,Asignatura 9
Infecciones de transmisión sexual - Situaciones integradoras,Asignatura 10
Enfermedad renal aguda y crónica,Asignatura 7
Examen final oral,Asignatura 3
Taller Sistema cardiovascular y su contexto,Asignatura 3
Cuando el anciano cae,Asignatura 7
11. HTA -IAM,Asignatura 4
Semiología de Cuello y Glandula tiroides (endocrino),Asignatura 2
Toma de decisiones y funciones ejecutivas,Asignatura 9
Tutoria 2 Semiologia Cardiovascular/Respiratorio,Asignatura 10
Actividad integadora - Afecto,Asignatura 9
Prácticas 3 y 4 de fisiología cardiovascular,Asignatura 4
"57. Patologías infecciosas y NO infecciosas- Rabia, Polio, Cisticercosis, otras",Asignatura 10
Seminario de control neuroendocrino de la glicemia (estados pre y postprandial) y análisis de resultados curva de tolerancia a la glucosa oral.,Asignatura 5
Anfiteatro pulmones/Laboratorio  de vasos-  Laboratorio histología de vasos grupos 2,Asignatura 1
Programas de salud basados en el enfoque de riesgo. Respuesta social para la intervención del riesgo,Asignatura 7
C-SM Procesamiento tubular del filtrado y homeostasis hidroelectrolítica 2,Asignatura 6
Evaluación supletoria final de  Sistemas y Metabolismo1 y clinica,Asignatura 4
Oliguria/ Lesión renal secundaria a hipovolemia,Asignatura 6
Árbol Genealogico,Asignatura 1
Evaluación Corte 1,Asignatura 10
chequeo semanal,Asignatura 9
Semiologia cardiaca CSC. Grupo Jueves ,Asignatura 2
Hemodinámica,Asignatura 1
Taller sondas vesicales,Asignatura 7
Presentación general,Asignatura 3
Evaluación 2 - Semanas 7 - 13 - Temas 30-57,Asignatura 10
13. Cardiopatía congénita,Asignatura 4
Corazón (anatomía),Asignatura 1
Diseñando una intervención,Asignatura 9
Semiologia cardiaca CSC. Grupo Jueves ,Asignatura 2
Tutoria 3 Semiologia Abdomen,Asignatura 10
Semiologia cardiaca CSC. Grupo Viernes,Asignatura 2
Seguimiento de tutores,Asignatura 3
Hematoquecia /Sangrado de vías digestivas bajas (énfasis en patología neoplásica),Asignatura 4
14.Deficiencia Piruvato carboxilasa                 ,Asignatura 4
Segunda evaluación,Asignatura 4
Semiología de alteraciones del movimiento (Síndrome cerebeloso ),Asignatura 9
Caso 09. Gineco - EPI/ETS,Asignatura 10
Actividad integradora - miembro superior,Asignatura 9
Antimicóticos,Asignatura 10
Dolor abdominal crónico,Asignatura 10
Casos clínicos: correlación clínica-endoscópica en las enfermedades digestivas,Asignatura 7
Patología reproductiva Femenina (Tracto genital femenino) + Patología de Seno,Asignatura 7
Taller de miembro inferior 2,Asignatura 9
Actividad integradora - demencia,Asignatura 9
64. Principios de Autoinmunidad,Asignatura 10
74. Taller intervenciones: tutoria para facilitar la construccion del trabajo final ,Asignatura 10
Taller de caracterización de vulnerabilidad (Segundo avance),Asignatura 9
Terapia eléctrica en reanimación/desfibrilación/cardioversión/Marcapaso transcutáneo,Asignatura 10
Neumonía Adquirida en la comunidad - Pacientes pediátricos,Asignatura 10
Patología reproductiva Femenina (Tracto genital femenino) + Patología de Seno,Asignatura 7
Trastornos de oxigenación y ventilación/Vía aérea,Asignatura 10
Organizacion general de la historia clínica ,Asignatura 2
Semiología Ruidos Cardiacos / Sesión Ekg 2.,Asignatura 10
Taller de columna ,Asignatura 9
Semiologia cardiaca CSC. Grupo Viernes,Asignatura 2
Semiologia cardiaca CSC. Grupo Viernes,Asignatura 2
Presentación póster de políticas,Asignatura 9
Control bioquímico del apetito en el hipotálamo,Asignatura 4
EXAMEN ORAL,Asignatura 10
Introducción (Antecedentes y Justificación).,Asignatura 3
Presentación de protocolos,Asignatura 3
Estudio-repaso- anatomia/histologia y patología,Asignatura 4
Fisiología materna durante la gestación,Asignatura 7
Examen final PC1,Asignatura 4
Traslado de pacientes ,Asignatura 2
Neoplasias prevalentes del sistema reproductor masculino,Asignatura 7
Tutoria 2 Semiologia Cardiovascular/Respiratorio,Asignatura 10
Sistemas reproductores femenino y masculino (2110),Asignatura 7
Semiologia cardiaca CSC. Grupo Jueves ,Asignatura 2
Semiologia cardiaca CSC. Grupo Viernes,Asignatura 2
Taller de miembro inferior 2,Asignatura 9
Comunicación,Asignatura 1
EXAMEN ORAL,Asignatura 10
3a Evaluación sustentación integradoras grupal,Asignatura 7
Actividad integradora - demencia,Asignatura 9
Semiología valoración geriatrica integral,Asignatura 10
"Entrevistas cualitativas, no estructuradas y semi-estructuradas y grupos focales",Asignatura 9
Hematemesis/ Enf. Ulcerosa- péptica,Asignatura 4
Casos relevantes en patología renal,Asignatura 6
Taller fosa ptarigopalatina-trigemino/ Laboratorio de histología de via aerea superior/ 2 grupos,Asignatua 4
Taller  miembro inferior 1 ,Asignatura 9
Sexo y genero como determinante social,Asignatura 1
Taller de Historia Clínica. Grupo Viernes,Asignatura 2
Cavidad abdominopélvica,Asignatura 7
Presentación  IV sem  CMC. Presentación  IV sem  FPC III,Asignatura 9
"Anatomía e histología de orbita, ojo, párpados y vías lacrimales ",Asignatura 7
Segunda evaluación teórica SYM1,Asignatura 4
Dinámica de los compartimientos líquidos corporales,Asignatura 6
Semiologia cardiaca CSC. Grupo Viernes,Asignatura 2
Valoración clinica del gasto energetico y del metabolismo de nutrientes,Asignatura 2
Cardio arritmia,Asignatura 1
Patología de la enfermedad intersticial difusa,Asignatura 3
Laboratorio de función hepática,Asignatura 5
Cuando el anciano cae,Asignatura 7
Presentación de protocolos,Asignatura 3
Falla cardiaca,Asignatura 1
Sangrado vaginal,Asignatura 7
Sangrado vaginal,Asignatura 7
Taller anfiteatro de oido,Asignatura 7
12. Falla Cardiaca,Asignatura 4
Simulacro anfiteatro,Asignatura 4
Tejidos conectivos laxos y densos,Asignatura 1
Examen teórico CMC,Asignatura 9
"Generalidades S. Gastrointestinal, boca, faringe, esófago y estómago",Asignatura 4
Bases Comunicación humana,Asignatura 1
Cuando el anciano cae,Asignatura 7
Laboratorio histología de tejido muscular,Asignatura 7
Neuroanatomía de gusto y olfato,Asignatura 7
Transporte de lípidos (lipoprotéinas) ,Asignatura 4
Taller Semiología de vasos perifericos y toma de TA. Grupo Viernes,Asignatura 2
Taller: Difusión pulmonar ,Asignatura 4
"ESM-EVALUACIÓN 1ER PERIODO
SYM NUTRICIÓN (9-11 am)",Asignatura 6
Biblioteca ,Asignatura 1
Sangrado vaginal,Asignatura 7
Semiologia cardiaca CSC. Grupo Viernes,Asignatura 2
Repaso histología,Asignatura 9
Trastornos de oxigenación y ventilación/Vía aérea,Asignatura 10
Sistema Osteomuscular,Asignatura 1
Anatomía patológica del tracto gastrointestinal  (Hígado),Asignatura 5
Estructuras microscópica hígado y vesícula biliar,Asignatura 5
Procesamiento de la información multimodal,Asignatura 9
Presentación general,Asignatura 3
Chequeo semanal,Asignatura 7
Pelvis blanda y periné,Asignatura 7
Hipotálamo como eje integrador de la regualción corporal y comportamental,Asignatura 9
Oftalmoscopia/Otoscopia / Sesión Ekg 1,Asignatura 10
Semiologia cardiaca CSC. Grupo Viernes,Asignatura 2
Dinámica y regulación de corrientes iónicas,Asignatura 1
38. Anemias hemolíticas y diagnóstico por el laboratorio. Revisión de algoritmos (hemorragias) y 39. Hemostasia: Coagulación fase endotelial y plaquetaria (patologias asociadas y dx laboratorio),Asignatura 10
Prácticas 1 y 2 de fisiología cardiovascular,Asignatura 1
Tutoria 2 Semiologia Cardiovascular/Respiratorio,Asignatura 10
Prácticas 1 y 2 de fisiología cardiovascular,Asignatura 1
Metabolismo Energetico una vision general,Asignatura 2
Sistema de salud como DSS ,Asignatura 1
Taller regulación neurobiológica de la función respiratoria-cardiovascular,Asignatura 9
Presentación estudiantes - tutoria 1,Asignatura 10
Primera evaluación sistemas y metabolismo I,Asignatura 1
Falla cardiaca,Asignatura 1
Laboratorio histología de oido,Asignatura 7
Medidas resumen y de presentación de datos,Asignatura 3
Supletorio Eval 2 SYM2 y S. Escrita integradoras M2,Asignatura 7
Taller de dislipidemias (farmacologia),Asignatura 4
"Disfagia /  Trastorno de la motilidad gastrointestinal
",Asignatura 4
Infertilidad,Asignatura 1
Actividad integradora 9 AFECTO,Asignatura 9
Principios de electricidad,Asignatura 1
Introducción (Antecedentes y Justificación).,Asignatura 3
Escenarios Simulados con Debriefing,Asignatura 10
Tutoria 4 Semiologia Neurologica/Musculo-esqueletico,Asignatura 10
"Anatomía e histología de orbita, ojo, párpados y vías lacrimales ",Asignatura 7
Repaso Aantomía FPC III,Asignatura 9
Debilidad e ictericia / Cirrosis ,Asignatura 5
40. Laboratorio de Hematologia - Grupo A,Asignatura 10
Daño alveolar difuso,Asignatura 1
Miembro superior 5,Asignatura 7
Diarrea / malabsorción,Asignatura 5
Reunión con tutores,Asignatura 3
Taller de miembro inferior 2,Asignatura 9
Caso 12. Endocrino Diabetes,Asignatura 10
Segundo examen,Asignatura 10
Histología funcional intestinal,Asignatura 5
Tutoria 4 Semiologia Neurologica/Musculo-esqueletico,Asignatura 10
Tutoria 4 Semiologia Neurologica/Musculo-esqueletico,Asignatura 10
Taller Simulacro Práctico Anatomia e Histología,Asignatura 2
Actividad integradora - miembro superior,Asignatura 9
Comunicación intercelular para el establecimiento de tejidos,Asignatura 1
Presentación videos,Asignatura 9
Regulación de la glicólisis y gluconeogénesis,Asignatura 4
PREPARACIÓN EXAMEN FINAL ,Asignatura 10
Tutoria 3 Semiologia Abdomen,Asignatura 10
"Transcripción, traducción, replicación",Asignatura 1
"Laboratorio Simulación farmacocinética 1. Distribución, diferentes vías de administración. Gráficas Cp vs tiempo Dosis única y dosis múltiples. Parámetros farmacocinéticos: Volumen de distribución, vida media. Características de los gráficos.",Asignatura 6
Histología funcional desde boca hasta estómago,Asignatura 4
Gestación adolescente en población desplazada,Asignatura 7
Antiparasitarios,Asignatura 10
Miembro superior 2,Asignatura 7
Mantenimiento de la salud - Condiciones cardiovasculares y metabólicas,Asignatura 10
Deficiencia de piruvato Carboxilasa ,Asignatura 4
Guías de práctica clínica en control prenatal,Asignatura 10
Anatomía de los riñones y las vías urinarias (SYM2),Asignatura 7
Tiroiditis,Asignatura 10
Actividad integradora - oido,Asignatura 7
Tutoria 4 Semiologia Neurologica/Musculo-esqueletico,Asignatura 10
Cronobiología,Asignatura 9
Taller huesos craneo y cara- nariz- senos paranasales- Mesa Sectra,Asignatua 4
 Evaluación final Práctica Sistemas y Metabolismo I,Asignatura 3
C-SM Organización microscópica del hueso 2,Asignatura 7
Taller farmacodinamia de sedantes e hipnóticos,Asignatura 9
Actividad integradora - Movimientos anormales,Asignatura 9
Semiologia cardiaca CSC. Grupo Jueves ,Asignatura 2
1. Contaminación,Asignatua 4
Debilidad e ictericia / Cirrosis ,Asignatura 5
Violencias de género,Asignatura 10
Caso 06. Neumología - NAC,Asignatura 10
"Introducción al tallo: Mesencéfalo, puente y bulbo Configuración externa y relaciones generales del tallo cerebral",Asignatura 9
Programas de salud basados en el enfoque de riesgo. Respuesta social para la intervención del riesgo,Asignatura 7
"ESM-EVALUACIÓN FINAL SYM II 
(9-12m)",Asignatura 7
09. Respuesta agentes Infecciosos y mecanismos de evasion,Asignatura 10
Columna 2 - ARTROLOGÍA,Asignatura 9
Introducción (Antecedentes y Justificación).,Asignatura 3
Dislipidemias,Asignatura 4
Terminología,Asignatura 1
Tutoria 2 Semiologia Cardiovascular/Respiratorio,Asignatura 10
Segundo parcial ,Asignatura 1
Tutoria 2 Semiologia Cardiovascular/Respiratorio,Asignatura 10
Supletorios evaluaciones semanales SYM2 y sesiones integradoras (productos)  1er módulo,Asignatura 6
Patología osteomuscular,Asignatura 7
DESCANSO,Asignatura 10
Primera evaluación sistemas y metabolismo I,Asignatura 1
1. Contaminación,Asignatua 4
Conducta Suicida ,Asignatura 9
Examen final oral,Asignatura 4
Dislipidemias,Asignatura 10
Tutoria 4 Semiologia Neurologica/Musculo-esqueletico,Asignatura 10
Semiologia cardiaca CSC. Grupo Viernes,Asignatura 2
Dispepsia,Asignatura 10
20. Antibióticos y Resistencia Antimicrobiana - Mecanismos de Accion de ABS y Mecanismos de Resistencia,Asignatura 10
Avances taller de Vulnerabilidad,Asignatura 9
"Evaluación 3 - Semanas 14-20, Temas 58-81.",Asignatura 10
Fundamentos para la exploración del riesgo,Asignatura 7
Transferencia del conocimiento científico,Asignatura 10
Enfermedad renal crónica - Situaciones integradoras,Asignatura 10
"EVALUACIÓN 2° PERIODO
9-11 am",Asignatura 7
Simposio Bloque Naranja,Asignatura 2
Aprendizaje y memoria,Asignatura 9
Examen teórico CMC,Asignatura 7
Presentación Taller de vulnerabilidad,Asignatura 9
Diarrea / malabsorción,Asignatura 5
Examen final oral,Asignatura 4
Reunión con tutores,Asignatura 3
Cardiopatía congénita,Asignatura 4
Semiologia cardiaca CSC. Grupo Jueves ,Asignatura 2
Taller de cráneo -cara anfiteatro,Asignatura 9
Taller sondas vesicales,Asignatura 7
Sistema Osteomuscular,Asignatura 1
Preparaciones histológicas de tejidos conectivos generales. Taller de Tejidos Conectivos,Asignatura 1
Riesgos ocupacionales,Asignatura 7
Cardiopatía reumática y otras valvulopatías-Meek,Asignatura 4
Semiologia Ruidos Respiratorios /Rx tórax/ Sesión Ekg 3.,Asignatura 10
4. EVALI,Asignatura 1
Sistema de Seguridad Social Colombiano (Sistema de Gestión de Riesgo),Asignatura 7
"Examen práctico histología, neuroanatomía y PFPC III",Asignatura 7
Glicogenogénesis Glicogenolisis- Ruta de pentosas,Asignatura 4
Tutorías Clínica Grupo Viernes,Asignatura 2
Abordaje del paciente con síntomas depresivos,Asignatura 10
C-SM Factores que modifican el efecto de los fármacos: Generalidades y Efecto placebo.,Asignatura 7
Taller Semiología Respiratoria,Asignatura 2
Caso 04. OTRL - Ojo Rojo,Asignatura 10
Semiologia cardiaca CSC. Grupo Jueves ,Asignatura 2
Comparación estadística de riesgos y otros parámetros poblacionales,Asignatura 7
C-SM Anatomía funcional de intestino delgado y páncreas ,Asignatura 4
EXAMEN PRACTICO CMC Y FPC III,Asignatura 9
Caso 13. SNC - Meningitis,Asignatura 10
Tutoria 3 Semiologia Abdomen,Asignatura 10
"Nucleótidos, vitaminas hidrosolubles y cofactores",Asignatura 1
Práctica de enfermería ,Asignatura 2
Semiologia cardiaca CSC. Grupo Jueves ,Asignatura 2
Hemostasia(Fisiología),Asignatura 1
Meiosis y Mitosis,Asignatura 1
Taller de evaluación psiquiátrica. Sesión 7.  psicopatología de la personalidad,Asignatura 9
1a Evaluación sustentación integradoras grupal,Asignatura 5
Enfermedades desmielinizantes,Asignatura 7
Hematoquecia /Sangrado de vías digestivas bajas (énfasis en patología neoplásica),Asignatura 4
"Nucleótidos, vitaminas hidrosolubles y cofactores",Asignatura 1
Tutoria 3 Semiologia Abdomen,Asignatura 10
"Anfiteatro nariz senos paranasales, trigemino,fosa pterigopalatina y laringe/ Laboratorio de histología de via aerea superior/ 2 grupos",Asignatua 4
C-SM Trastornos funcionales y anatómicos del esófago,Asignatura 5
Anfiteatro pulmones/Laboratorio  de vasos-  Laboratorio histología de vasos grupos 2,Asignatura 1
Infección respiratoria alta,Asignatura 4
Escenarios Simulados con Debriefing,Asignatura 10
Semiologia cardiaca CSC. Grupo Viernes,Asignatura 2
Dispepsia - Situaciones integradoras,Asignatura 10
Anfiteatro de Nucleos basales y tallo y Taller de vías medulares y cerebelosas,Asignatura 9
Cólera,Asignatura 1
"Anfiteatro nariz senos paranasales, trigemino,fosa pterigopalatina y laringe/ Laboratorio de histología de via aerea superior/ 2 grupos",Asignatua 4
Tutoria Psiquiatria,Asignatura 10
Seguimiento de tutores,Asignatura 3
Repaso Anfiteatro,Asignatura 7
Tutoria 3 Semiologia Abdomen,Asignatura 10
Tutoria 3 Semiologia Abdomen,Asignatura 10
Repaso Aantomía FPC III,Asignatura 9
Vascular de cuello,Asignatua 4
Tutoria Psiquiatria,Asignatura 10
Presentación eval  de fisiología ,Asignatura 4
Chequeo 1,Asignatura 9
"Lab bioq, Fisio, Microscopia",Asignatura 1
11. HTA -IAM,Asignatura 4
Anatomia de orientación y planos,Asignatura 1
Desarrollo de nuevos medicamentos,Asignatura 10
4. EVALI,Asignatura 1
Corpúsculos gustativos y mucosa olfatoria/Interpretación de señales químicas,Asignatura 7
Chequeo semanal,Asignatura 7
17. Dislipidemia,Asignatura 4
Museo de cardiopatías de adultos,Asignatura 4
Aparato de Golgi,Asignatura 1
58. Patologías infecciones SNC - Meningitis/LCR,Asignatura 10
Cuando el anciano cae,Asignatura 7
Examen final habilidades clínicas,Asignatura 7
Reunión con tutores,Asignatura 3
Tutoria 4 Semiologia Neurologica/Musculo-esqueletico,Asignatura 10
Tutoria 3 Semiologia Abdomen,Asignatura 10
Evaluación semestre,Asignatura 10
Configuración macroscópica del diencéfalo y nucleos basales,Asignatura 9
Cardiopatías congénitas  o adquirida. Usando las piezas de patología,Asignatura 4
PRMBE - Abordaje antiparasitarios antimalaricos,Asignatura 10
Seguimiento de tutores,Asignatura 3
2. Infeccion respiratoria alta,Asignatua 4
Modelado vías de administración ,Asignatura 2
Sistemas reproductores masculino y femenino ,Asignatura 7
Análisis de información en investigación cualitativa: En busca de patrones,Asignatura 9
Semiologia cardiaca CSC. Grupo Jueves ,Asignatura 2
Semiología Ginecología,Asignatura 10
C-SM Anatomía funcional del aparato reproductor masculino (PC2),Asignatura 7
Taller de dolor toracico. Grupo Viernes,Asignatura 2
Malnutrición,Asignatura 4
Infección respiratoria alta,Asignatura 4
Inmunología básica gastrointestinal ,Asignatura 5
Zika - Inflamación,Asignatura 1
actividad integradora de cierre,Asignatura 9
Actividad integradora- miembro inferior - SN autonomo,Asignatura 9
Patología de páncreas y vía biliar,Asignatura 5
Teorías de membrana,Asignatura 1
Imágenes pulmonares,Asignatura 10
Semiologia cardiaca CSC. Grupo Jueves ,Asignatura 2
Del problema a la intervención: ¿qué queremos cambiar?,Asignatura 9
Metabolismo de AA y BCAA a otros compuestos nitrogenados,Asignatura 4
Práctica de enfermería ,Asignatura 2
Sesión innagural,Asignatura 7
Laboratorio integrador de neurofisiología (aplicación de la inteligencia artificial),Asignatura 9
Mecanismos para modificar la motilidad gastrointestinal. ,Asignatura 5
Taller fosa ptarigopalatina-trigemino/ Laboratorio de histología de via aerea superior/ 2 grupos,Asignatua 4
Aparato de Golgi,Asignatura 1
Malformaciónes congénitas múltiples,Asignatura 1
Tutorías Clínica Grupo Jueves,Asignatura 2
Obesidad - Sindrome metabólico,Asignatura 10
Presentación de protocolos,Asignatura 3
Anatomia de la tiroides,Asignatua 4
Evaluación 1 Biológicas,Asignatura 1
Búsquedas de la literatura,Asignatura 10
Antibioticoterapia - ITU,Asignatura 10
2a Evaluación sustentación integradoras grupal,Asignatura 7
Tutorías Clínica Grupo Viernes,Asignatura 2
50. Laboratorio Uroanálisis - Grupo B,Asignatura 10
"Patología placenta
",Asignatura 7
Acompañamiento decanatura (Dirección de carrera),Asignatura 4
Traslado de pacientes ,Asignatura 2
Infecciones de transmisión sexual - Abordaje sindrómico,Asignatura 10
Tutoria 4 Semiologia Neurologica/Musculo-esqueletico,Asignatura 10
Deshidratación (EDA)  / Evaluación oral biológicos,Asignatura 1
"Buena prescripción, polimedicación y desprescripción en el anciano",Asignatura 10
Vejiga dolorsa - Situaciones integradoras,Asignatura 10
Seguimiento de tutores,Asignatura 3
Tutoria 3 Semiologia Abdomen,Asignatura 10
Chequeo semanal,Asignatura 9
Procedimientos SNG /IM Acceso venoso / Especuloscopía/sonda vesical,Asignatura 10
Traslado de pacientes ,Asignatura 2
Seguimiento de tutores,Asignatura 3
Formación reticular,Asignatura 9
Cólera,Asignatura 1
Intrtoducción de la asignatura,Asignatura 3
"Unidades, concentraciones y pH ",Asignatura 1
Presentación estudiantes -tutoria 1,Asignatura 10
Taller de caracterización de vulnerabilidad (Primer avance),Asignatura 9
Hipertiroidismo - Hipotiroidismo,Asignatura 10
Reunión con tutores,Asignatura 3
Actividad integradora - miembro superior,Asignatura 9
Tutoria 3 Semiologia Abdomen,Asignatura 10
Neuroanatomía del encefálo y meninges /configuracipon macroscópica del diencéfalo,Asignatura 9
Mecanismos para mantener la hemostasia: anticoagulantes y antiagregantes,Asignatura 10
EXAMEN TEÓRICO CMC,Asignatura 9
Seguimiento de tutores,Asignatura 3
Intoxicación aguda por alcohol,Asignatura 1
Taller sondas vesicales,Asignatura 7
Sangre y sus componentes 1 y 2,Asignatura 4
Cardiopatía congénita,Asignatura 4
Sistemas membranosos y síntesis de proteínas ,Asignatura 1
Neuroanatomía de la visión y movimientos oculares,Asignatura 9
Caso 03. Piel - Infecciosas,Asignatura 10
Columna 1 - HUESOS,Asignatura 9
Tutoria 3 Semiologia Abdomen,Asignatura 10
Introducción a la estimación de riesgos y otros parámetros poblacionales,Asignatura 7
Taller actualidad en genética,Asignatura 1
Organización General del Sistema Respiratorio,Asignatura 2
"Genitales ambiguos/ Hiperplasia suprarrenal congénita (Impacto hidroelectrolítico, ácido-base y en el desarrollo sexual)",Asignatura 6
Tutoria 1 Semiologia General/Cabeza y Cuello,Asignatura 10
Supletorios evaluaciones semanales y sesiones integradoras (productos)  2° módulo,Asignatura 7
Patología de páncreas y vía biliar,Asignatura 5
Semiologia cardiaca CSC. Grupo Viernes,Asignatura 2
Medicamentos biológicos,Asignatura 1
Semiologia cardiaca CSC. Grupo Viernes,Asignatura 2
Tutoria 1 Semiologia General/Cabeza y Cuello,Asignatura 10
Seguimiento de tutores,Asignatura 3
Del genoma al pangenoma,Asignatura 1
Fenómenos eléctricos biológicos,Asignatura 1
Tutoria 3 Semiologia Abdomen/,Asignatura 10
C-SM Aspectos funcionales del sistema reproductor femenino,Asignatura 7
Citoesqueleto 1,Asignatura 1
Terapia eléctrica en reanimación/desfibrilación/cardioversión/Marcapaso transcutáneo,Asignatura 10
Introducción a la estimación de riesgos y otros parámetros poblacionales,Asignatura 7
Histología funcional intestinal,Asignatura 5
Estructuras microscópicas riñón y vías urinarias 1,Asignatura 6
50. Laboratorio Uroanálisis - Grupo B,Asignatura 10
Taller de exploración psicopatológica 2:  Anamnesis - historia clínica,Asignatura 9
9. Hipovolemia,Asignatura 1
Taller de comunicación I,Asignatura 3
Hemotransfusión,Asignatura 1
Fibrosis quística,Asignatura 1
Examen final oral primer semestre ,Asignatura 2
"Lab bioq, Fisio, Microscopia",Asignatura 1
"Genitales ambiguos/ Hiperplasia suprarrenal congénita (Impacto hidroelectrolítico, ácido-base y en el desarrollo sexual)",Asignatura 6
Vías de la respuesta autónoma,Asignatura 9
Semiologia cardiaca CSC. Grupo Jueves ,Asignatura 2
Caso 08. Gastroenterología - EDA,Asignatura 10
Primera evaluación parte grupal Asma,Asignatura 1
C-SM Aspectos funcionales de la gestación 2,Asignatura 7
Taller de exploración psicopatológica 3: Afecto,Asignatura 9
Regulación local cadiovascular,Asignatura 1
Segunda evaluación práctica. Sitemas y Metabolismo1 (Anatomia-histologia-patologia) Retroalimentación del examen,Asignatura 4
3. Herida cervical,Asignatura 1
Taller de cráneo -cara anfiteatro ,Asignatura 9
Termorregulación,Asignatura 1
"Generalidades S. Gastrointestinal, boca, faringe, esófago y estómago",Asignatura 4
Segunda Evaluación Teoríca Sistemas y Metabolismo I,Asignatura 2
15. Diabetes Tipo 1,Asignatura 4
Teorias explicativas de la personalidad,Asignatura 9
"ESM-EVALUACIÓN FINAL SYM II 
(9-12m)",Asignatura 7
Histología funcional intestinal,Asignatura 5
Reunión con tutores,Asignatura 3
Semiologia cardiaca CSC. Grupo Jueves ,Asignatura 2
Evaluación oral,Asignatura 1
Histología funcional desde boca hasta estómago,Asignatura 4
C-SM Aspectos funcionales del sistema reproductor masculino 1: Función testicular,Asignatura 7
3a Evaluación sustentación integradoras grupal,Asignatura 7
C-SM Organización microscópica y función del sistema reproductor masculino II,Asignatura 7
chequeo semanal,Asignatura 9
Simposio bloque naranja,Asignatura 4
Prácticas libres Estudiantes,Asignatura 10
Fisiopatología de los trastornos endocrinos más prevalentes en pediatría,Asignatura 7
Actividad integradora - glaucoma,Asignatura 7
Tutoria 2 Semiologia Cardiovascular/Respiratorio,Asignatura 10
Tutoria 4 Semiologia Neurologica/Musculo-esqueletico,Asignatura 10
1a Evaluación sustentación integradoras grupal,Asignatura 5
Semiología OTR,Asignatura 10
Examen final oral,Asignatura 4
17. Dislipidemia,Asignatura 4
Soporte Vital,Asignatura 2
Quices supletorios,Asignatura 4
Simposio Bloque Naranja,Asignatura 2
Semiologia cardiaca CSC. Grupo Viernes,Asignatura 2
Repaso CMC,Asignatura 9
Introducción al curso ,Asignatura 1
Tutoria 2 Semiologia Cardiovascular/Respiratorio,Asignatura 10
Introducción a la semiología / Historia clínica,Asignatura 7
Nucleos autónomos del tallo,Asignatura 9
"1-Evaluaciones semanales
PC2 y SYM2",Asignatura 4
Primera evaluación oral parte grupal 6. Enfermedad obstructiva,Asignatura 1
Medio ambiente como determinante social,Asignatura 1
Soporte Vital,Asignatura 1
Citoesqueleto 2,Asignatura 1
Fisiopatología del ritmo del corazón 1y 2,Asignatura 1
Taller farmacocinética/ Metabolismo,Asignatura 5
C-SM Características funcionales de la placenta,Asignatura 7
Programación Prácticas,Asignatura 2
3a Evaluación sustentación integradoras grupal,Asignatura 7
Tutoria 4 Semiologia Neurologica/Musculo-esqueletico,Asignatura 10
Semiología Reumatología,Asignatura 10
Presentación estudiantes -tutoria 1,Asignatura 10
"Taller de exploración psicopatológica 5. Pensamiento, lenguaje y sensopercepción",Asignatura 9
24. Laboratorio de Resistencia Antimicrobiana - Grupo A,Asignatura 10
"Genitales ambiguos/ Hiperplasia suprarrenal congénita (Impacto hidroelectrolítico, ácido-base y en el desarrollo sexual)",Asignatura 6
Mecanismos potenciales para intervenir en la contractilidad uterina 1,Asignatura 7
Reunión con tutores,Asignatura 3
Patología reproductiva Femenina (Tracto genital femenino) + Patología de Seno,Asignatura 7
Biofísica de lentes,Asignatura 7
Anfiteatro de dorso,Asignatura 9
Prácticas libres Estudiantes,Asignatura 10
SUPLETORIOS,Asignatura 9
1a Evaluación sustentación integradoras grupal,Asignatura 5
Evaluación oral,Asignatura 1
Taller Semiología de vasos perifericos y toma de TA. Grupo Jueves,Asignatura 2
Papel renal en el control y regulación de la presión arterial y del equilibrio ácido-base,Asignatura 6
Anatomía de la circulación entero-hepática,Asignatura 3
Taller de Historia Clínica. Grupo jueves. ,Asignatura 2
Tutorías Clínica Grupo Viernes,Asignatura 2
Fisiología del envejecimiento 2,Asignatura 7
Tutoria 1 Semiologia General/Cabeza y Cuello,Asignatura 10
Presentación estudiantes -tutoria 1,Asignatura 10
Sesión Ekg 4. /ejercicios integradores cardio respiratorio/ Rx tórax,Asignatura 10
19. Laboratorio de Microbiología - Grupo A,Asignatura 10
Conceptos básicos de inferencia causal aplicados a ENT II,Asignatura 3
Inmunomoduladores,Asignatura 10
Neuroanatomía de encefalo y meninges,Asignatura 7
Caso 02. Piel - Hipersensibilidad,Asignatura 10
Tutorías Clínica Grupo Jueves,Asignatura 2
Tutoria 2 Semiologia Cardiovascular/Respiratorio,Asignatura 10
Patología de tumores,Asignatura 9
Esferocitosis - esplenectomía,Asignatura 1
Implicaciones clínicas de las lesiones valvulares,Asignatura 2
"Senos paranasales, paredes y relaciones ",Asignatura 3
1. Contaminación,Asignatua 4
Reunión con tutores,Asignatura 3
Estructuras macroscópicas riñón y vías urinarias ,Asignatura 6
1a Evaluación sustentación integradoras grupal,Asignatura 5
Caso 14. S.locomotor - Reumatología,Asignatura 10
Semiología del envejecimiento,Asignatura 7
Actividad integradora -dolor,Asignatura 7
Metabolismo de las bases nitrogenadas ,Asignatura 4
6-Evaluación semanal (solo SYM2),Asignatura 6
7. Silicoantracosis,Asignatura 1
Receptores perifericos Fisiología,Asignatura 7
Estructuras microscópicas riñón y vías urinarias 1,Asignatura 6
Caso 03. Piel - Infecciosas,Asignatura 10
Tutoria 4 Semiologia Neurologica/Musculo-esqueletico,Asignatura 10
Taller de comunicación I,Asignatura 3
Tutoria Psiquiatria,Asignatura 10
Técnicas histológicas,Asignatura 1
15. Diabetes Tipo 1,Asignatura 4
Intervenciones para la modificación de comportamientos de riesgo,Asignatura 7
Valvulopatía arritmia,Asignatura 1
Semiologia cardiaca CSC. Grupo Viernes,Asignatura 2
Patología insuficiencia cardíaca (Patologia )Meek,Asignatura 4
Generalidades de endoscopia digestiva alta y baja,Asignatura 7
TBC,Asignatua 4
Caso 10. Urología - Orquiepididimitis,Asignatura 10
Semiologia cardiaca CSC. Grupo Viernes,Asignatura 2
Seguimiento de tutores,Asignatura 3
Deshidratación (EDA)  / Evaluación oral biológicos,Asignatura 1
Trastornos de oxigenación y ventilación/Vía aérea,Asignatura 10
Prácticas 3 y 4 de fisiología cardiovascular,Asignatura 4
Bases genéticas de la conducta,Asignatura 9
Oliguria/ Lesión renal secundaria a hipovolemia,Asignatura 6
Modificación de la anemia y hemoterapia,Asignatura 10
Anomalías de la diferenciación sexual,Asignatura 7
Tutoria Psiquiatria,Asignatura 10
Seguimiento de tutores,Asignatura 3
Bases electroencefalográfia normal,Asignatura 9
Semiología y psicopatología de la memoria,Asignatura 9
Anfiteatro corazon y circulación coronaria/ Laboratorio histología de corazón grupos 2,Asignatura 1
Hormonas que regulan el metabolismo energetico,Asignatura 4
17. Dislipidemia,Asignatura 4
"Casos clínicos: uroanálisis en IVU, síndrome nefrótico, glomerulopatías, hematuria",Asignatura 7
Teorías de la comunicación y relación medico-paciente ,Asignatura 2
Comunicación intercelular,Asignatura 1
Organización microscópica del hueso,Asignatura 7
Chequeo semanal,Asignatura 7
Semiologia cardiaca CSC. Grupo Jueves ,Asignatura 2
Taller  miembro inferior 1 ,Asignatura 9
Lab. Fisiología de la respuesta autónoma,Asignatura 9
Inteligencia artificial en genética médica,Asignatura 1
Neuropatia Guillain Barre,Asignatura 1
SAHOs,Asignatura 10
"ESM-EVALUACIÓN 1ER PERIODO
SYM NUTRICIÓN (9-11 am)",Asignatura 6
Introducción Morfología I Sistema cardiorespiratorio y su contexto,Asignatura 3
Semiologia cardiaca CSC. Grupo Jueves ,Asignatura 2
Semiologia cardiaca CSC. Grupo Jueves ,Asignatura 2
Reunión con tutores,Asignatura 3
Motilidad gastrointestinal,Asignatura 4
Primer examen parcial - Primera correlación clínica,Asignatura 10
Anfiteatro pelvis osea & Cond. Inguinal ,Asignatura 7
Voltajes Biológicos,Asignatura 1
Semiologia cardiaca CSC. Grupo Jueves ,Asignatura 2
Prácticas libres Estudiantes,Asignatura 10
Tutoria 1 Semiologia General/Cabeza y Cuello,Asignatura 10
24. Laboratorio de Resistencia Antimicrobiana  - Grupo B,Asignatura 10
OSCE 2,Asignatura 10
Abordaje Integrado del Cáncer de Próstata,Asignatura 7
1a Evaluación sustentación integradoras grupal,Asignatura 5
Miembro inferior 3,Asignatura 9
Semiologia cardiaca CSC. Grupo Viernes,Asignatura 2
Semiología Endocrinología,Asignatura 10
Impicaciones clinicas de los carbohidratos,Asignatura 2
ESCRITURA CREATIVA PERFORMING MEDICINE,Asignatura 10
Examen final oral primer semestre ,Asignatura 2
Tutoria 3 Semiologia Abdomen,Asignatura 10
Bioenergética y músculo,Asignatura 1
Tutoria 3 Semiologia Abdomen/,Asignatura 10
40. Laboratorio de Hematologia - Grupo B,Asignatura 10
Dislipidemias - Situaciones integradoras,Asignatura 10
Tutoria 2 Semiologia Cardiovascular/Respiratorio,Asignatura 10
Taller de evaluación psiquiátrica. Sesión 7.  psicopatología de la personalidad,Asignatura 9
18. Obesidad,Asignatura 4
Ciclo vital,Asignatura 9
Valvulopatía arritmia,Asignatura 1
C-SM Trastornos ácido-base 1,Asignatura 6
OSCE 1,Asignatura 10
Oliguria/ Lesión renal secundaria a hipovolemia,Asignatura 6
Expresando la Medicina III Grupo 1 Comunicación sin daño / Grupo 2 Compasión y vulnerabilidad,Asignatura 9
Taller de examen físico osteomuscular ,Asignatura 9
Infección respiratoria alta,Asignatura 4
Sinapsis neuromuscular y contracción de la fibra muscular,Asignatura 7
Hematemesis/ Enf. Ulcerosa- péptica,Asignatura 5
C-SM Aspectos fisiológicos de la gestación que modifican la efectividad y/o seguridad de los fármacos,Asignatura 7
Zika - Inflamación,Asignatura 1
Supletorios IV sem CMC y FPC III,Asignatura 7
Deficiencia de piruvato Carboxilasa ,Asignatura 4
Calidad y ética en investigación cualitativa,Asignatura 9
C-SM Procesos celulares involucrados en el crecimiento y la diferenciación,Asignatura 7
Presentación curso,Asignatura 10
Taller Anatomía Tórax - Grupo Viernes,Asignatura 2
Taller de exploración psicopatológica 2:  Anamnesis - historia clínica,Asignatura 9
Evaluación final práctico,Asignatura 7
Fosa pterigopalatina e inervacion autonoma,Asignatua 4
Zika - Inflamación,Asignatura 1
Obesidad monogénica,Asignatura 1
Tutoria 4 Semiologia Neurologica/Musculo-esqueletico,Asignatura 10
Simposio bloque naranja,Asignatura 4
Videos TED,Asignatura 1
Chequeo semanal,Asignatura 7
Relación entre huesos de craneo y cara,Asignatura 3
"1-Evaluaciones semanales
PC2 y SYM2",Asignatura 4
Evaluación final  práctica. Sitemas y Metabolismo1 (Anatomia-histologia-patologia) Retroalimentación del examen,Asignatura 4
Chequeo semanal,Asignatura 9
Evaluación paraclínica de la función renal e interpretación de pruebas,Asignatura 7
Núcleos autónomos del tallo,Asignatura 9
Pares craneanos clase y taller,Asignatura 9
Examen habilidades clínicas,Asignatura 7
Examen final oral,Asignatura 4
Examen final oral,Asignatura 3
Examen final teórico FPC III,Asignatura 9
Prácticas 3 y 4 de fisiología cardiovascular,Asignatura 4
Sistemas reproductores masculino y femenino ,Asignatura 7
Cardio arritmia,Asignatura 1
Estructura anatómica del hipotálamo,Asignatura 9
Examen final oral,Asignatura 3
Acné - Leshmaniasis - Lepra,Asignatura 10
9. Hipovolemia,Asignatura 1
2a Evaluación sustentación integradoras grupal,Asignatura 6
Presentación de protocolos,Asignatura 3
Determinacion del fenotipo celular,Asignatura 1
Tutoria 1 Semiologia General/Cabeza y Cuello,Asignatura 10
Tutoria 2 Semiologia Cardiovascular/Respiratorio,Asignatura 10
3a Evaluación sustentación integradoras grupal,Asignatura 7
Terapia eléctrica en reanimación/desfibrilación/cardioversión/Marcapaso transcutáneo,Asignatura 10
Generalidades imágenes diagnósticas de la mama,Asignatura 7
Gestación adolescente en población desplazada,Asignatura 7
PH y soluciones,Asignatura 1
EVALUACIÓN 1 T-P ,Asignatura 6
Simposio bloque naranja,Asignatura 4
Semiologia cardiaca CSC. Grupo Jueves ,Asignatura 2
Examen final,Asignatura 3
Patología de páncreas y vía biliar,Asignatura 5
Introducción a la Farmacología,Asignatura 1
Toxicidad renal de fármacos,Asignatura 6
Simposio bloque naranja,Asignatura 4
Introducción a los fundamentos de la ciencia,Asignatura 1
Hemotransfusión,Asignatura 1
Aspectos funcionales de la glándula suprarrenal (corteza y médula),Asignatura 6
10. Valvulopatia/Arritmia,Asignatura 4
Tercera Evaluación Parcial,Asignatura 7
Taller de exploración psicopatológica 6. Examen mental de entrevista a paciente,Asignatura 9
Gluconeogénesis,Asignatura 4
Presentación videos,Asignatura 9
Corteza cerebral e integración,Asignatura 9
Debilidad e ictericia / Cirrosis ,Asignatura 5
Chequeo 5,Asignatura 9
Primera evaluación parte grupal Asma,Asignatura 1
Dispepsia - Situaciones integradoras,Asignatura 10
Enfermedad ulceropéptica,Asignatura 10
Introducción AIEPI,Asignatura 10
Presentación estudiantes - tutoria 1,Asignatura 10
2a Evaluación sustentación integradoras grupal,Asignatura 7
Tutoria 2 Semiologia Cardiovascular/Respiratorio,Asignatura 10
Anfiteatro Sistemas reproductores  ,Asignatura 7
EXAMEN ORAL,Asignatura 10
Actividad integradora - Sindrome medular,Asignatura 7
Tutoria 2 Semiologia Cardiovascular/Respiratorio,Asignatura 10
Tutoria 2 Semiologia Cardiovascular/Respiratorio,Asignatura 10
Dinámica de los compartimientos líquidos corporales,Asignatura 7
42. Inmunidad Mucosa gástrica,Asignatura 10
Anatomía del periné y mecanismos de continencia,Asignatura 7
Curso de la vida como determinante en salud,Asignatura 1
"Composicion Corporal  (antropometria ), gasto energético y metabolismo.",Asignatura 4
Segunda evaluación,Asignatura 4
Semiologia cardiaca CSC. Grupo Jueves ,Asignatura 2
Comunicación,Asignatura 2
Núcleo,Asignatura 1
Actividad integradora - glaucoma,Asignatura 7
Anfiteatro corazon y circulación coronaria/ Laboratorio histología de corazón grupos 2,Asignatura 1
53. CID,Asignatura 10
Enfoque de vulnerabilidad por ciclo de vida,Asignatura 9
Examen final oral,Asignatura 3
Bases Comunicación humana,Asignatura 1
Edema/ Enfermedad renal diabética,Asignatura 6
¿Cómo cambiamos el comportamiento en salud?,Asignatura 9
Fisiología del envejecimiento 1,Asignatura 7
Infecciones de piel y tejidos blandos,Asignatura 10
Repaso Neuroanatomía - histología,Asignatura 9
Taller: Intervención en la fisiología del vaso sanguíneo. Farmacología de HTA ,Asignatura 1
Edema/ Enfermedad renal diabética,Asignatura 6
2a Evaluación sustentación integradoras grupal,Asignatura 7
"Lab bioq, Fisio, Microscopia",Asignatura 1
Chequeo 3,Asignatura 9
"75. Centenarios, caracteristicas del envejecimiento extremo",Asignatura 10
Tutoria 3 Semiologia Abdomen,Asignatura 10
Gestación adolescente en población desplazada,Asignatura 7
Anatomía del estómago y el bazo,Asignatura 7
Laboratorio fisiología sensorial,Asignatura 7
actividad integradora de cierre,Asignatura 9
"Examen práctico histología, neuroanatomía y PFPC III",Asignatura 9
Mitocondria,Asignatura 1
Vejez y Envejecimiento,Asignatura 1
Evaluación del crecimiento y el desarrollo puberal,Asignatura 7
Neurobiología de la conducta sexual,Asignatura 9
Pared venosa,Asignatura 4
"Intestino delgado y grueso, páncreas e hígado",Asignatura 7
Caso 16. Geriatría - Infecciones atípicas,Asignatura 10
Miembro inferior 2,Asignatura 9
El papel de los factores de riesgo y los determinantes sociales en los procesos de salud y enfermedad.,Asignatura 3
19. Laboratorio de Microbiología - Grupo B,Asignatura 10
Valoración funcional del anciano,Asignatura 7
Tutoria 2 Semiologia Cardiovascular/Respiratorio,Asignatura 10
Semiologia cardiaca CSC. Grupo Jueves ,Asignatura 2
Examen final teórico FPC III,Asignatura 9
Aspectos clínicos de las hemorragias digestivas,Asignatura 7
¿Fumar para manejar el estrés?,Asignatura 1
"Lab bioq, Fisio, Microscopia",Asignatura 1
Repaso histología,Asignatura 9
"Ciclo celular, mitosis",Asignatura 1
Actividad integradora - oido,Asignatura 7
Infertilidad,Asignatura 1
Tutoria Psiquiatria,Asignatura 10
Desarrollo de nuevos medicamentos,Asignatura 10
Taller anfiteatro de pares craneanos motores,Asignatura 9
EXAMEN ORAL,Asignatura 10
Tutoria 2 Semiologia Cardiovascular/Respiratorio,Asignatura 10
Tutoria 3 Semiologia Abdomen,Asignatura 10
Dolor torácico no coronario,Asignatura 1
Comunicación,Asignatura 1
Medidas de asociación,Asignatura 3
Función de la terminal sináptica y neuroquímica de la sinapsis,Asignatura 7
Medicinas Complementarias,Asignatura 10
Farmacodinamia de medicamentos para el tratamiento de las demencias,Asignatura 9
Enfermedad por transporte protéico intracelular,Asignatura 1
Encuentro de semilleros,Asignatura 1
Tutoria 2 Semiologia Cardiovascular/Respiratorio,Asignatura 10
Esferocitosis - esplenectomía,Asignatura 1
Semiologia cardiaca CSC. Grupo Viernes,Asignatura 2
Tutoria 4 Semiologia Neurologica/Musculo-esqueletico,Asignatura 10
"Anfiteatro región supraclavicular, superficial de cuello, tiroides y vascular de cuello/ Laboratorio histología de tiroides",Asignatura 1
Anfiteatro Sistema Urinario,Asignatura 7
Tutoria 4 Semiologia Neurologica/Musculo-esqueletico,Asignatura 10
Taller farmacocinética/ Metabolismo,Asignatura 5
Tutoria 3 Semiologia Abdomen,Asignatura 10
Enzimas: Cinética e inhibición enzimática,Asignatura 1
Medicamentos antiTBC,Asignatura 10
Presentación de protocolos,Asignatura 3
Nucleos basales como moduladores del movimiento,Asignatura 7
"Anfiteatro de medula espinal, configuración interna reflejos y contenido del canal medular",Asignatura 7
Taller modificación del balance de líquidos y electrolitos desde la intervención en la función suprarrenal,Asignatura 6
Semana de Reflexion,Asignatura 2
Tutoria 2 Semiologia Cardiovascular/Respiratorio,Asignatura 10
Práctica de enfermería ,Asignatura 2
Dinámica de los compartimientos líquidos corporales,Asignatura 6
Aminoácidos y proteínas,Asignatura 1
C-SM Organización microscópica del sistema reproductor femenino 1,Asignatura 7
Intervenciones no farmacológicas en adultos mayores (Centro de simulación),Asignatura 10
Taller de metabolismo cerebral,Asignatura 7
Pleuras,Asignatura 1
Primera evaluación parte grupal Asma,Asignatura 1
Condiciones clínicas frecuentes durante el embarazo,Asignatura 10
"ESM-EVALUACIÓN FINAL SYM II 
(9-12m)",Asignatura 7
Unidad motora y sinapsis,Asignatura 7
15. Diabetes Tipo 1,Asignatura 4
 Entrevista psiquiátrica,Asignatura 9
2a Evaluación sustentación integradoras grupal,Asignatura 6
Diabtes mellitus - Situaciones integradoras,Asignatura 10
Evaluación del crecimiento y el desarrollo puberal,Asignatura 7
Actividad integradora - oido,Asignatura 7
Modelado vías de administración ,Asignatura 2
Anatomía del hígado y circulación portal,Asignatura 7
EXAMEN TEÓRICO CMC,Asignatura 9
2a Evaluación sustentación integradoras grupal,Asignatura 6
Organizacion general de la historia clínica ,Asignatura 2
OSCE 1,Asignatura 10
Semiología Anemias,Asignatura 10
EPOC,Asignatura 10
12. Falla Cardiaca,Asignatura 4
Tutoria 2 Semiologia Cardiovascular/Respiratorio,Asignatura 10
Procedimientos SNG /IM Acceso venoso / Especuloscopía/sonda vesical,Asignatura 10
Examen final SYM1,Asignatura 4
Miembro superior 1,Asignatura 7
Estructuras macroscópicas riñón y vías urinarias ,Asignatura 6
Patología maligna de tiroides,Asignatura 1
Procedimiento de inserción de sondas vesicales,Asignatura 7
Laboratorio de función hepática,Asignatura 5
laboratorio histología de ganglios ,Asignatura 9
Tutoria 3 Semiologia Abdomen,Asignatura 10
16. Malnutrición,Asignatura 4
Anfiteatro de Nucleos basales y tallo y Taller de vías medulares y cerebelosas,Asignatura 9
Dolor - Cuidados paliativos - Generalidades,Asignatura 10
Taller de anatomia topografica del cuello. Grupo Jueves,Asignatura 2
Taxonomía de los diseños epidemiológicos,Asignatura 3
Introducción a la anatomía funcional gastrointestinal y peritoneal,Asignatura 4
Primera evaluación sistemas y metabolismo I,Asignatura 3
Manejo renal de solutos,Asignatura 6
11. HTA -IAM,Asignatura 4
Taller de exploración psicopatológica 3: Afecto,Asignatura 9
Vejiga dolorsa - Situaciones integradoras,Asignatura 10
Laboratorio histologia hematopoyetico ,Asignatura 4
77. Vacunación en el anciano,Asignatura 10
Taller de examen neurológico completo,Asignatura 9
Correlación Anatomosemiologica de dolor toracico,Asignatura 2
OSCE 2,Asignatura 10
Introducción (Antecedentes y Justificación).,Asignatura 3
"Disfagia /  Trastorno de la motilidad gastrointestinal
",Asignatura 4
Proteínas de interés biológico,Asignatura 1
Caso 02. Piel - Hipersensibilidad,Asignatura 10
Arbovirosis - Situaciones integradoras,Asignatura 10
3a Evaluación sustentación integradoras grupal,Asignatura 7
Simposio Bloque Naranja,Asignatura 2
Taller de miembro inferior 1 g2,Asignatura 9
Tutoria 2 Semiologia Cardiovascular/Respiratorio,Asignatura 10
Electricidad,Asignatura 1
Segunda evaluación,Asignatura 4
"Diagnóstico comunitario: contexto, salud y vulnerabilidad",Asignatura 9
Examen Parcial ,Asignatura 9
Taller de anatomía  e histología de ojo,Asignatura 9
Anfiteatro Sistemas reproductores  ,Asignatura 7
Tutoria 3 Semiologia Abdomen,Asignatura 10
C-SM Procesamiento tubular del filtrado y homeostasis hidroelectrolítica 3,Asignatura 6
Infecciones de piel y tejidos blandos - Situaciones integradoras,Asignatura 10
Evaluación oral,Asignatura 1
Chequeo 8,Asignatura 9
Expresando la Medicina IV Grupo 1 Compasión y vulnerabilidad / Grupo 2 Medicina Narrativa,Asignatura 9
Lucía y el samán entre la vida y la muerte ,Asignatura 1
Introducción (Antecedentes y Justificación).,Asignatura 3
9. Hipovolemia,Asignatura 1
Evaluación del crecimiento y el desarrollo puberal,Asignatura 7
Pelvis blanda y periné,Asignatura 7
48. ETS - Sindromes de secrecion uretro vaginales y Secreciones vaginales,Asignatura 10
Taller Anatomía Tórax - Grupo Jueves,Asignatura 2
Seguimiento de tutores,Asignatura 3
Hipertensión arterial - Situaciones integradoras,Asignatura 10
12. Falla Cardiaca,Asignatura 4
HTA-IAM,Asignatura 1
Neurulación,Asignatura 1
Avances taller de Vulnerabilidad,Asignatura 9
Examen final poblacion y salud,Asignatura 3
C-SM Aspectos anatomo-patólogicos de las enfermedades del estómago,Asignatura 5
Tutoria 3 Semiologia Abdomen,Asignatura 10
Procedimientos SNG /IM Acceso venoso / Especuloscopía/sonda vesical,Asignatura 10
Sarcopenia,Asignatura 10
C-SM Aspectos funcionales de la gestación 1 (Inicia 10:30 am),Asignatura 7
Práctica de enfermería ,Asignatura 1
Prácticas 1 y 2 de fisiología cardiovascular,Asignatura 1
Aventuras en investigación ,Asignatura 1
Evaluación oral,Asignatura 1
Caso 11. Sindrome hemorragico/Coagulopatías,Asignatura 10
Terapia eléctrica en reanimación/desfibrilación/cardioversión/Marcapaso transcutáneo,Asignatura 10
Anatomía de la circulación pulmonar y bronquial,Asignatura 3
Tutoria 4 Semiologia Neurologica/Musculo-esqueletico,Asignatura 10
Patología de enfermedades obstructivas,Asignatura 1
Neuropatia Guillain Barre,Asignatura 1
"Introducción al desarrollo del SN, embriología ontogenia",Asignatura 7
Síntesis y lisis de los triglicéridos ,Asignatura 4
Semiología: Problemas Eticos en la atención al adulto mayor,Asignatura 10
Prácticas libres Estudiantes,Asignatura 10
Lucía y el samán entre la vida y la muerte ,Asignatura 1
Taller de examen neurológico completo,Asignatura 9
Fisiología vestibular,Asignatura 7
Segunda evaluación fundamentos biológicos,Asignatura 1
El paciente geriátrico,Asignatura 7
Tutorías Clínica Grupo Viernes,Asignatura 2
Estructura de moléculas con carácter lipídico - Lípidos de almacenamiento y estructurales,Asignatura 1
Soporte Vital,Asignatura 1
Menopausia,Asignatura 10
Tutoria 1 Semiologia General/Cabeza y Cuello,Asignatura 10
"C-SM Secreción salivar y pancreática normal, y su regulación (Proceso)",Asignatura 5
Tercera Evaluación Parcial,Asignatura 7
Anatomía patológica del tracto gastrointestinal  (Hígado),Asignatura 5
Síntesis y oxidación de cueros cetonicos,Asignatura 4
C-SM Formación y excreción de ácidos biliares y bilirrubina,Asignatura 5
Casos relevantes en patología renal,Asignatura 6
3a Evaluación sustentación integradoras grupal,Asignatura 7
Semiologia cardiaca CSC. Grupo Viernes,Asignatura 2
"Evaluación 3 - Semanas 14-20, Temas 58-81",Asignatura 10
Terapia eléctrica en reanimación/desfibrilación/cardioversión/Marcapaso transcutáneo,Asignatura 10
actividad integradora -endocrino,Asignatura 9
Pronóstico,Asignatura 10
Sistema de salud como DSS ,Asignatura 1
Calidad en los servicios de Salud y la atención del paciente,Asignatura 10
Caso 03. Piel - Infecciosas,Asignatura 10
Anfiteatro de Nucleos basales y tallo y Taller de vías medulares y cerebelosas,Asignatura 9
Farmacología: Del soporte nutricional,Asignatura 3
Herramientas de Gestión Clínica,Asignatura 10
Tutoria 3 Semiologia Abdomen,Asignatura 10
Chequeo semanal,Asignatura 9
Regulación de la fecundidad en poblaciones especiales.,Asignatura 10
3a Evaluación sustentación integradoras grupal,Asignatura 7
Tutoria 2 Semiologia Cardiovascular/Respiratorio,Asignatura 10
Reunión con tutores,Asignatura 3
Aminoácidos y proteínas,Asignatura 1
Taller de metabolismo de carbohidratos,Asignatura 4
Osteoartritis - Gota - Artritis reumatoide - Pruebas diagnósticas en enfermedades reumatológicas,Asignatura 10
Semiologia cardiaca CSC. Grupo Viernes,Asignatura 2
Modelado vías de administración ,Asignatura 1
Semiología general y errores frecuentes en aproximación inicial al paciente,Asignatura 7
EPOC - Situaciones integradoras,Asignatura 10
Semiologia Ruidos Respiratorios /Rx tórax/ Sesión Ekg 3.,Asignatura 10
Introducción a fármacos del SNA,Asignatura 1
Anatomía patológica del tracto gastrointestinal 1,Asignatura 5
Presentación Semestre,Asignatura 9
Evaluación oral,Asignatura 1
Integración del sistema cardiovascular  (Farmacología),Asignatura 2
Cuidado de la casa común,Asignatura 2
2. Infeccion respiratoria alta,Asignatua 4
Edema/ Enfermedad renal diabética,Asignatura 6
Presentación de protocolos,Asignatura 3
Generalidades de la investigación cualitativa,Asignatura 9
Intervenciones no farmacológicas en adultos mayores (Centro de simulación),Asignatura 10
Simposio Bloque Naranja,Asignatura 2
"Pared abdominal, cavidad oral, faringe, esófago, estómago y bazo",Asignatura 7
Tutoria 3 Semiologia Abdomen,Asignatura 10
Caso 14. S.locomotor - Reumatología,Asignatura 10
Repaso CMC,Asignatura 9
Síntesis de los contenidos abordados en el semestre,Asignatura 3
Sistema digestivo,Asignatura 1
Semiología y psicopatología de la sensopercepción,Asignatura 9
Evaluación de la validez y la reproducibilidad de las pruebas de tamización y diagnóstico,Asignatura 7
Trigemino,Asignatua 4
Anfiteatro encéfalo y medula,Asignatura 7
"Embriología cardiovascular, vasculogésis",Asignatura 4
Anomalías de la diferenciación sexual,Asignatura 7
Aparato reproductor femenino y glándulas mamarias,Asignatura 7
Seguimiento de tutores,Asignatura 3
OSCE 2,Asignatura 10
Entrega y sustentación del póster final ,Asignatura 1
Sistema reproductor masculino (SYM2),Asignatura 6
Introducción (Antecedentes y Justificación).,Asignatura 3
Comunicación del riesgo,Asignatura 7
Actividad integradora - Movimientos anormales,Asignatura 9
"Generalidades de tejido conectivo, células ",Asignatura 1
Primera Evaluación Parcial,Asignatura 7
Simposio Bloque Naranja,Asignatura 2
Evaluación oral,Asignatura 1
Repaso Aantomía FPC III,Asignatura 9
Taller farmacodinamia de sedantes e hipnóticos,Asignatura 9
Abordaje Integrado del Cáncer de Próstata,Asignatura 7
Biologia del desarrollo generalidades ,Asignatura 4
Prácticas 3 y 4 de fisiología cardiovascular,Asignatura 4
Técnica de semiología abdominal y urgencias quirúrgicas,Asignatura 7
Anfiteatro de Nucleos basales y tallo y Taller de vías medulares y cerebelosas,Asignatura 7
EVALUACIÓN 1 T-P ,Asignatura 6
Presentación estudiantes - tutoria 1,Asignatura 10
Semiología Coagulación,Asignatura 10
¿Fumar para manejar el estrés?,Asignatura 1
Semiología y psicopatología del afecto,Asignatura 9
Conducta Suicida ,Asignatura 9
Herida Cervical,Asignatura 3
Tutoria 4 Semiologia Neurologica/Musculo-esqueletico,Asignatura 10
Biosintesis de ácidos grasos (Reunión en biblioteca),Asignatura 4
EXAMEN PRÁCTICO HISTOLOGÁ Y ANATOMÍA CMC Y FPC III,Asignatura 9
Interseccionalidad,Asignatura 9
Semiología de las alteraciones de los pares craneanos,Asignatura 9
Examen final poblacion y salud,Asignatura 3
Evaluación de la asignatura y examen final - lavado de manos,Asignatura 2
Ca. Piel,Asignatura 2
Anatomía Topografica del fondo de ojo,Asignatura 2
Laboratorio de función hepática,Asignatura 5
Examen componente práctico módulo 3 FPC III,Asignatura 9
Segundo examen,Asignatura 10
Síndrome Motor,Asignatura 9
Laboratorio de control motor,Asignatura 9
Anfiteatro de dorso,Asignatura 9
"Disfagia /  Trastorno de la motilidad gastrointestinal
",Asignatura 4
Comunicación intercelular para el establecimiento de tejidos,Asignatura 1
Vulnerabilidad ambiental,Asignatura 9
Examen final oral,Asignatura 4
Guillain Barre,Asignatura 2
Tutorías Clínica Grupo Jueves,Asignatura 2
1. Contaminación,Asignatura 4
Actividad integradora -dolor,Asignatura 7
C-SM Bioquímica Clínica de las funciones hipofisiarias,Asignatura 7
OSCE 1,Asignatura 10
Cardiopatía congénita,Asignatura 4
Expresando la Medicina,Asignatura 10
Edema/ Enfermedad renal diabética,Asignatura 6
Epitelios glandulares,Asignatura 1
Seguimiento de tutores,Asignatura 3
chequeo semanal,Asignatura 9
Mecanismos para reemplazar la función del páncreas endocrino,Asignatura 4
Caso 16. Geriatría - Infecciones atípicas,Asignatura 10
Abordaje del paciente con síntomas somáticos,Asignatura 10
Examen teórico práctico de FPC III,Asignatura 9
C-SM Organización microscópica y función del hígado y la vesícula biliar I,Asignatura 5
Tutoria 2 Semiologia Cardiovascular/Respiratorio,Asignatura 10
Introducción a la farmacocinética,Asignatura 1
Evaluación 1 Biológicas,Asignatura 1
Uso racional de antibióticos,Asignatura 10
Osteoartritis - Gota - Artritis reumatoide - Pruebas diagnósticas en enfermedades reumatológicas - Situaciones integradoras,Asignatura 10
Tutoria 1 Semiologia General/Cabeza y Cuello,Asignatura 10
Tutoria 2 Semiologia Cardiovascular/Respiratorio,Asignatura 10
Organización del sistema endocrino,Asignatura 1
Determinantes de los patrones de alimentación,Asignatura 3
Taller  de farmacodinamia de medicamentos que regulan el afecto: Antidepresivos y Moduladores del afecto. Consideraciones generles de psicofármacos,Asignatura 9
Hipovolemia,Asignatura 1
Introducción (Antecedentes y Justificación).,Asignatura 3
Mecanismos potenciales para intervenir en la contractilidad uterina 2,Asignatura 7
Examen final teórico CMC,Asignatura 9
C-P Semiología de la cavidad oral,Asignatura 7
Tutoria 4 Semiologia Neurologica/Musculo-esqueletico,Asignatura 10
Ciclo de formulación de políticas,Asignatura 9
Examen Final,Asignatura 9
"Patología placenta
",Asignatura 7
chequeo semanal,Asignatura 9
"Anfiteatro región supraclavicular, superficial de cuello, tiroides y vascular de cuello/ Laboratorio histología de tiroides",Asignatura 1
1a Evaluación sustentación integradoras grupal,Asignatura 5
Anfiteatro corazon y circulación coronaria/ Laboratorio histología de corazón grupos 2,Asignatura 1
"Anatomía e histología de orbita, ojo, párpados y vías lacrimales 
( parte 1)",Asignatura 9
34. TBC Microbiología,Asignatura 10
Uniones intercelulares,Asignatura 1
43. Laboratorio Gastro - EDA - Grupo B,Asignatura 10
Taller de miembro superior 1,Asignatura 9
Simposio bloque naranja,Asignatura 4
Semiología de olfato y gusto,Asignatura 9
Tutoria 4 Semiologia Neurologica/Musculo-esqueletico,Asignatura 10
C-SM Neoplasias prevalentes del sistema reproductor femenino (Ovario),Asignatura 7
Taller morfofuncional y laboratorio de hipófisis,Asignatura 9
Alteraciones en el metabolismo del calcio + Taller - mecanismos potenciales para intervenir en la osteoporosis y el metabolismo fosfocálcico.,Asignatura 7
C-SM Errores innatos del metabolismo hepato - renal,Asignatura 6
Evaluación oral,Asignatura 1
Tálamo y vías ascendentes medulares y propiocepción,Asignatura 9
De la molécula al individuo,Asignatura 1
1a Evaluación sustentación integradoras grupal,Asignatura 5
Estructura de membrana y glucocálix,Asignatura 1
Redes de apoyo social como determinante social,Asignatura 1
Cefaleas - Situaciones integradoras,Asignatura 10
19. Laboratorio de Microbiología - Grupo A,Asignatura 10
Taller de cráneo -cara anfiteatro ,Asignatura 9
Diabetes tipo 1,Asignatura 4
actividad integradora - Psicosis,Asignatura 9
Infecciones de piel y tejidos blandos - Situaciones integradoras,Asignatura 10
Actividad integradora - Sindrome medular,Asignatura 7
Semiologia cardiaca CSC. Grupo Jueves ,Asignatura 2
Gestación adolescente en población desplazada,Asignatura 7
C-SM Anatomía funcional del eje hipotálamo-hipófisis-gonadal,Asignatura 6
Dinámica capilar,Asignatura 3
Neurobiología del pensamiento - fisiopatología de las alteraciones del pensamiento y sensopercepción,Asignatura 9
Fragilidad,Asignatura 10
Evaluación 2 - Semanas 7 - 13 - Temas 30-57,Asignatura 10
Semiología y psicopatología de la conducta motora,Asignatura 9
Revisiones sistemáticas de la literatura,Asignatura 10
Supletorio I corte (Pruebas rápidas),Asignatura 7
Sangrado vaginal,Asignatura 7
Evaluación oral,Asignatura 1
Experimentos clínicos,Asignatura 7
Alteraciones en el metabolismo del calcio + Taller - mecanismos potenciales para intervenir en la osteoporosis y el metabolismo fosfocálcico.,Asignatura 7
Prevención primaria y secundaria Fiebre Reumática,Asignatura 10
Farmacodiamia: Analgésia ,Asignatura 7
Endocitosis,Asignatura 1
Cáncer de Piel,Asignatura 1
Paciente dificil,Asignatura 10
Introducción a la farmacodinamia,Asignatura 1
Intervención,Asignatura 10
Perfusión entero-hepatica,Asignatura 1
Chequeo 2,Asignatura 9
Sistema digestivo,Asignatura 1
Señalización eléctrica. Generalidades de neurofisiología,Asignatura 7
Anatomia topografica del cuello y región supraclavicular,Asignatura 2
Casos relevantes en patología renal,Asignatura 6
C-SM Alteraciones en el proceso de diferenciacion gonadal y genital,Asignatura 6
Intervenciones no farmacológicas en adultos mayores (Centro de simulación),Asignatura 10
Farmacología y terapéutica en hipertensión arterial,Asignatura 10
Biomoléculas en señalización,Asignatura 1
Cineforo,Asignatura 10
Fisiología del SNA,Asignatura 1
1a Evaluación sustentación integradoras grupal,Asignatura 5
Introducción a la psicopatología -,Asignatura 9
Prácticas 3 y 4 de fisiología cardiovascular,Asignatura 4
Glándulas salivares y páncreas,Asignatura 5
3a Evaluación sustentación integradoras grupal,Asignatura 7
Neumonía Adquirida en la comunidad - Pacientes pediátricos - Situación integradora ,Asignatura 10
PH y soluciones,Asignatura 1
Inteligencia,Asignatura 9
Mantenimiento de la salud - Introducción ,Asignatura 10
EVALUACIÓN 1 T-P ,Asignatura 6
Examen habilidades clínicas,Asignatura 7
Primer examen parcial - Primera correlación clínica,Asignatura 10
Segunda evaluación,Asignatura 4
18. Obesidad,Asignatura 4
Taller de dolor toracico. Grupo Jueves,Asignatura 2
Segunda Evaluación Parcial,Asignatura 7
Supletorio Eval 2 SYM2 y S. Escrita integradoras M2,Asignatura 7
Imagenología - extremidad superior,Asignatura 9
Anatomía del intestino delgado y grueso,Asignatura 7
EVALUACION PRÁCTICA,Asignatura 7
Chequeo semanal,Asignatura 9
Tutoria 3 Semiologia Abdomen,Asignatura 10
Tutorías Clínica Grupo Viernes,Asignatura 2
Protocolos en investigación cualitativa,Asignatura 9
Tutoria 3 Semiologia Abdomen,Asignatura 10
Semiologia Ruidos Respiratorios /Rx tórax/ Sesión Ekg 3.,Asignatura 10
Anfiteatro de Dorso,Asignatura 7
Debilidad e ictericia / Cirrosis ,Asignatura 5
Tutoria 1 Semiologia General/Cabeza y Cuello,Asignatura 10
13. Cardiopatía congénita,Asignatura 4
Presentación estudiantes - tutoria 1,Asignatura 10
Evaluación del crecimiento y el desarrollo puberal,Asignatura 7
Semiologia cardiaca CSC. Grupo Viernes,Asignatura 2
Taller de miembro superior 1,Asignatura 9
Taller de entrevista clínica. Grupo viernes,Asignatura 2
Embriología osteomuscular 2 Y 3,Asignatura 7
Receptores periféricos Histología,Asignatura 7
C-SM Organización microscópica del eje hipotálamo-hipófisis-gonadal,Asignatura 6
Semiologia cardiaca CSC. Grupo Jueves ,Asignatura 2
Segunda evaluación teórica fundamentos de la clinica,Asignatura 4
Histología funcional desde boca hasta estómago,Asignatura 4
Reunión con tutores,Asignatura 3
Diferencias entre procariotes y eucariotes,Asignatura 1
Anfiteatro encéfalo y medula,Asignatura 7
Métodos mixtos,Asignatura 9
La etnia y la raza: Su incidencia en la vulnerabilidad de las poblaciones indígenas y afrodescendientes en Colombia,Asignatura 9
"Lab bioq, Fisio, Microscopia",Asignatura 1
Tutoria Psiquiatria,Asignatura 10
1. Contaminación,Asignatua 4
"Taller laboratorio de organografía, histología e histopatología del tejido nervios",Asignatura 7
1a Evaluación sustentación integradoras grupal,Asignatura 5
Prácticas 1 y 2 de fisiología cardiovascular,Asignatura 1
Tutoria 3 Semiologia Abdomen,Asignatura 10
Taller de entrevista clínica. Grupo jueves,Asignatura 2
Ingresos economicos y estatus social,Asignatura 1
Vulnerabilidad de los estudiantes de medicina,Asignatura 9
Cuando el anciano cae,Asignatura 7
Oftalmoscopia/Otoscopia / Sesión Ekg 1,Asignatura 10
Tutoria 4 Semiologia Neurologica/Musculo-esqueletico,Asignatura 10
Intervención en sistema nervioso autómono. Modificaciones de la función  cardiovascular,Asignatura 1
actividad integradora de cierre,Asignatura 9
Tutoria 4 Semiologia Neurologica/Musculo-esqueletico,Asignatura 10
Tutoria 2 Semiologia Cardiovascular/Respiratorio,Asignatura 10
Anfiteatro de dorso,Asignatura 9
Estructuras microscópica hígado y vesícula biliar,Asignatura 5
"Unidad neurovascular, perfusión y fisiología del LCR. ",Asignatura 7
Correlación imágenes DX abdomen y pelvis ,Asignatura 7
Caso 15. Inmunosupresión - HIV,Asignatura 10
Cronobiología,Asignatura 9
Anfiteatro encéfalo y medula,Asignatura 7
Tutoria 1 Semiologia General/Cabeza y Cuello,Asignatura 10
Esqueleto fibroso y valvulas cardiacas,Asignatura 2
37. Anemias carenciales (ferropénica y megaloblástica) y diagnóstico por el laboratorio,Asignatura 10
Semiología y psicopatología del sueño y el dormir,Asignatura 9
Miastenia gravis (Inclusión social discapacidad),Asignatura 1
Taller correlación anatomo-semiologica radiológica de torax Grupo Viernes,Asignatura 2
Endocinología e Inmunología,Asignatura 1
Introducción (Antecedentes y Justificación).,Asignatura 3
Introducción Morfología II Sistema cardiovascular y su contexto,Asignatura 3
Tutoria 3 Semiologia Abdomen/,Asignatura 10
Tutoria 3 Semiologia Abdomen,Asignatura 10
Anfiteatro pelvis osea & Cond. Inguinal ,Asignatura 7
Cuando el anciano cae,Asignatura 7
Tutoria 4 Semiologia Neurologica/Musculo-esqueletico,Asignatura 10
Herramientas de Gestión Clínica,Asignatura 10
69. Inmunodeficiencias,Asignatura 10
Primera Evaluación Parcial,Asignatura 7
Estructuras microscópicas riñón y vías urinarias 1,Asignatura 6
Mecanismos para reemplazar la función del páncreas endocrino,Asignatura 4
Tutoria 2 Semiologia Cardiovascular/Respiratorio,Asignatura 10
Simposio Bloque Naranja,Asignatura 2
Búsquedas de la literatura,Asignatura 10
Prácticas 3 y 4 de fisiología cardiovascular,Asignatura 4
Columna 3 - NUCA Y DORSO,Asignatura 9
Primera evaluación parte grupal Asma,Asignatura 1
Retos farmacológicos en osteoporosis,Asignatura 10
Taller anfiteatro de oido,Asignatura 7
Cuidado de la casa común,Asignatura 2
Diabetes tipo 1,Asignatura 4
Anfiteatro Sistemas reproductores  ,Asignatura 7
Sistema reproductor femenino (SYM2 y FPC II),Asignatura 7
Identificando y comprendiendo el problema,Asignatura 9
Ingeniería de PROMPTs,Asignatura 1
Cardiopatías congénitas  o adquirida. Usando las piezas de patología,Asignatura 4
Repaso histología,Asignatura 9
Actividad integradora- miembro inferior - SN autonomo,Asignatura 9
PRMBE - AINES,Asignatura 10
Traslado de pacientes ,Asignatura 1
Obesidad,Asignatura 4
Expresando la Medicina III Grupo 1 Comunicación sin daño / Grupo 2 Compasión y vulnerabilidad,Asignatura 9
Taller de miembro superior 1,Asignatura 9
Ética médica y riesgo,Asignatura 7
Seguimiento de tutores,Asignatura 3
Taller de columna ,Asignatura 9
Papel del tejido adiposo en la regulacion del metabolismo,Asignatura 4
Examen final,Asignatura 10
Actividad integradora - Sindrome medular,Asignatura 7
Miembro inferior 4,Asignatura 9
Integración de los conceptos farmacocinéticos y farmacodinámicos de antimicrobianos a la clínica,Asignatura 10
Taller Simulacro Práctico Anatomia e Histología,Asignatura 2
Tratamiento farmacológico en infección respiratoria aguda alta,Asignatura 10
Teorías del origen de la vida - La noción de vida,Asignatura 1
Semiologia Ruidos Respiratorios /Rx tórax/ Sesión Ekg 3.,Asignatura 10
Anfiteatro pulmones/Laboratorio  de vasos-  Laboratorio histología de vasos grupos 2,Asignatura 1
Sistema nervioso autonomo,Asignatura 1
Sistema urinario 2,Asignatura 6
Análisis de vulnerablidad en poblaciones,Asignatura 9
Taller de anatomia topografica del cuello. Grupo Viernes,Asignatura 2
Tutoria 3 Semiologia Abdomen,Asignatura 10
Taller de Imagenología ,Asignatura 9
Evaluación del semestre/ Espacio de trabajo videos,Asignatura 9
actividad integradora -endocrino,Asignatura 9
45. Infecciones gástricas - Helmintiasis,Asignatura 10
"Generalidades S. Gastrointestinal, boca, faringe, esófago y estómago",Asignatura 4
Patologia infecciones pulmonares (-Patología y neumo),Asignatura 1
Taller de miembro inferior 3,Asignatura 9
"Casos clínicos: uroanálisis en IVU, síndrome nefrótico, glomerulopatías, hematuria",Asignatura 7
Tutoria 1 Semiologia General/Cabeza y Cuello,Asignatura 10
Seguimiento de tutores,Asignatura 3
Diafragma,Asignatura 1
Chequeo semanal,Asignatura 7
Acople excitación contracción,Asignatura 1
"Adaptación, lesion y muerte celular",Asignatua 4
Clasificación internacional de enzimas,Asignatura 1
Foroteatro,Asignatura 3
C-SM Funciones hepáticas distintas a las digestivas 1,Asignatura 5
Caso 01. Fiebre origen desconocido,Asignatura 10
43. Laboratorio Gastro - EDA - Grupo B,Asignatura 10
Búsquedas de la literatura,Asignatura 10
1a Evaluación sustentación integradoras grupal,Asignatura 5
Presentación Taller de vulnerabilidad,Asignatura 9
Prácticas 3 y 4 de fisiología cardiovascular,Asignatura 4
"ESM-EVALUACIÓN FINAL SYM II 
(9-12m) PC002-S201- PC002-S203",Asignatura 7
TBC,Asignatua 4
actividad integradora - Psicosis,Asignatura 9
Estudios económicos,Asignatura 10
EXAMEN ORAL,Asignatura 10
Opérculo torácico,Asignatua 4
Actividad integradora - Movimientos anormales,Asignatura 9
Introducción (Antecedentes y Justificación).,Asignatura 3
Metabolismo del colesterol y derivados,Asignatura 4
Taller farmacocinética/ Absorción,Asignatura 5
Videos TED,Asignatura 1
Transducción,Asignatura 7
"Psicopatología Juicio, raciocinio, volición, toma de decisiones / Introspección y prospección",Asignatura 9
Técnica de semiología abdominal y urgencias quirúrgicas,Asignatura 7
Taller genética,Asignatura 1
50. Laboratorio Uroanálisis - Grupo B,Asignatura 10
Biomoléculas,Asignatura 1
Tutorías Clínica Grupo Jueves,Asignatura 2
Escenarios Simulados con Debriefing,Asignatura 10
C-SM Motilidad del tubo digestivo (Principios generales y esófago),Asignatura 4
Tutoria 2 Semiologia Cardiovascular/Respiratorio,Asignatura 10
Semiología Gastrointestinal,Asignatura 10
Primera evaluación parte grupal Asma,Asignatura 1
Introducción AIEPI,Asignatura 10
Expresando la Medicina II Grupo 1 -Medicina Narrativa / Grupo 2 Gratitud,Asignatura 9
Anfiteatro Sistema Urinario,Asignatura 7
Anfiteatro encéfalo y medula,Asignatura 7
Examen final oral,Asignatura 3
 Farmacología: Mecanismos adicionales  para intervenir la función  cardiovascular ,Asignatura 4
Dolor torácico no coronario,Asignatura 1
Taller de miembro superior 2 G1,Asignatura 7
Endocinología e Inmunología,Asignatura 1
Taller sondas vesicales,Asignatura 7
Simposio bloque naranja,Asignatura 4
Bioética sesión II,Asignatura 3
Tutoria 4 Semiologia Neurologica/Musculo-esqueletico,Asignatura 10
Prácticas libres Estudiantes,Asignatura 10
Prácticas 3 y 4 de fisiología cardiovascular,Asignatura 4
Sesión Ekg 4. /ejercicios integradores cardio respiratorio/ Rx tórax,Asignatura 10
Abordaje Integrado del Cáncer de Próstata,Asignatura 7
Laboratorio pared venosa,Asignatura 4
Enzimas: Cinética e inhibición enzimática,Asignatura 1
Antibioticoterapia - ITU,Asignatura 10
Tallo y cerebelo,Asignatura 9
Tutoria 3 Semiologia Abdomen,Asignatura 10
2a Evaluación sustentación integradoras grupal,Asignatura 7
C-SM Desórdenes del desarrollo y el crecimiento,Asignatura 7
Semiologia cardiaca CSC. Grupo Jueves ,Asignatura 2
Fundamentos para la exploración del riesgo,Asignatura 7
Introducción a la medicina basada en la evidencia y pregunta PICO,Asignatura 10
Taller correlación anatomo-semiologica radiológica de torax Grupo Jueves,Asignatura 2
Caso 10. Urología - Orquiepididimitis,Asignatura 10
Enfermedad por reflujo gastroesofágico,Asignatura 10
Semiologia cardiaca CSC. Grupo Viernes,Asignatura 2
Endocinología e Inmunología,Asignatura 1
Tutoria 4 Semiologia Neurologica/Musculo-esqueletico,Asignatura 10
Generación del movimiento voluntario/Ajustes al movimiento voluntrio,Asignatura 9
Taller de metabolismo de lipidos(Bioquimica),Asignatura 4
Chequeo semanal,Asignatura 9
chequeo semanal,Asignatura 9
Generalidades de patología tumoral ,Asignatua 4
Teorías del origen de la vida - La noción de vida,Asignatura 1
Repaso FPC III,Asignatura 7
Taller sondas vesicales,Asignatura 7
Tutoria 2 Semiologia Cardiovascular/Respiratorio,Asignatura 10
"05 -08. Generalidades Virus, Bacterias, Parásitos, Hongos",Asignatura 9
Tutoria 3 Semiologia Abdomen,Asignatura 10
Tejido linfoide,Asignatura 1
Espiritualidad y vulnerabilidad,Asignatura 9
7. Silicoantracosis,Asignatura 1
1. Contaminación,Asignatura 4
Introducción a la endocrinología clínica,Asignatura 4
Examen final oral,Asignatura 3
Caso 13. SNC - Meningitis,Asignatura 10
Tutoria 2 Semiologia Cardiovascular/Respiratorio,Asignatura 10
Tutoria 3 Semiologia Abdomen,Asignatura 10
Taller Laboratorio histologia sangre y sus componentes grupo 1 y 2,Asignatura 4
16. Malnutrición,Asignatura 4
EVALI,Asignatua 4
Lavado de Manos,Asignatura 1
Tutoria 4 Semiologia Neurologica/Musculo-esqueletico,Asignatura 10
Repaso Neuroanatomía - histología,Asignatura 9
Semiologia cardiaca CSC. Grupo Viernes,Asignatura 3
Taller Vía de Administración de medicamentos y laboratorio de formas medicamentosas,Asignatura 1
Chequeo 4,Asignatura 9
Taller de anatomía vias de respuesta autónoma,Asignatura 9
Examen final oral,Asignatura 3
Seguimiento de tutores,Asignatura 3
Primer examen parcial,Asignatura 1
Tutoria 3 Semiologia Abdomen,Asignatura 10
"Disfagia /  Trastorno de la motilidad gastrointestinal
",Asignatura 4
Medio ambiente como determinante social,Asignatura 1
"Anfiteatro pared toracica, mediastino, hilio pulmonar  /Laboratorio pulmón",Asignatura 1
Presentación estudiantes - tutoria 1,Asignatura 10
26. Infecciones OTRL - Oculares,Asignatura 10
Sesión Inaugural y presentación del programa,Asignatura 1
Caso 06. Neumología - NAC,Asignatura 10
Chequeo 10,Asignatura 9
Actividad integradora 10 DEMENCIA,Asignatura 9
Observando el riesgo. Estudios observacionales analíticos,Asignatura 7
Fisiología de la tiroides,Asignatua 4
Personas en situación de prostitución,Asignatura 9
Meiosis y Mitosis,Asignatura 1
Taller de miembro superior 3 y 4,Asignatura 9
Oftalmoscopia/Otoscopia / Sesión Ekg 1,Asignatura 10
Simposio Bloque Naranja,Asignatura 2
Deshidratación (EDA)  / Evaluación oral biológicos,Asignatura 1
Seguimiento de tutores,Asignatura 3
Semiologia cardiaca CSC. Grupo Viernes,Asignatura 2
Osteoporosis postmenopáusica,Asignatura 10
Tutorías Clínica Grupo Jueves,Asignatura 2
"Diabetes mellitus - Definición, epidemiología, fisiopatología, diagnóstico, manejo",Asignatura 10
Taller  miembro inferior 1 ,Asignatura 9
Semiologia cardiaca CSC. Grupo Jueves ,Asignatura 2
"Anfiteatro región supraclavicular, superficial de cuello, tiroides y vascular de cuello/ Laboratorio histología de tiroides",Asignatura 1
Anatomía topografica del torax ,Asignatura 2
Obesidad,Asignatura 2
Semiologia cardiaca CSC. Grupo Viernes,Asignatura 2
44. Infecciones Gástricas - EDA y NO EDA,Asignatura 10
Tutoria 2 Semiologia Cardiovascular/Respiratorio,Asignatura 10
Anatomía funcional de intestinos y páncreas,Asignatura 5
Demanda metabólica y perfusión local,Asignatura 1
Sistema Osteomuscular,Asignatura 1
Búsqueda de información de calidad por disciplina ,Asignatura 1
Percepción visual,Asignatura 7
C-SM Digestión y absorción 2,Asignatura 5
Expresando la Medicina III Grupo 1 Comunicación sin daño / Grupo 2 Compasión y vulnerabilidad,Asignatura 9
Técnica de semiología abdominal y urgencias quirúrgicas,Asignatura 7
Expresando la Medicina II Grupo 1 -Medicina Narrativa / Grupo 2 Gratitud,Asignatura 9
"Examen práctico histología, neuroanatomía y PFPC III",Asignatura 7
Síntesis hormonal,Asignatura 4
Taller de anatomia topografica del cuello. Grupo Viernes,Asignatura 2
Taller anfiteatro de oido,Asignatura 7
Comunicación,Asignatura 1
Gestación adolescente en población desplazada,Asignatura 7
Estructura anatómica del hipotálamo,Asignatura 9
Olfación,Asignatura 3
2a Evaluación sustentación integradoras grupal,Asignatura 6
Tutorías Clínica Grupo Viernes,Asignatura 2
Taller de la Circulación entero-hepatica,Asignatura 2
Taller de inflamación,Asignatura 1
Técnica de semiología abdominal y urgencias quirúrgicas,Asignatura 7
chequeo semanal,Asignatura 9
Intervenciones para la modificación de comportamientos de riesgo,Asignatura 7
Taller de caracterización de vulnerabilidad (Primer avance),Asignatura 9
Glicólisis Anaerobia  ,Asignatura 4
Inauguración tercer semestre y SYM2 ,Asignatura 4
Imágenes diagnósticas en el estudio de dolor pélvico,Asignatura 10
11. HTA -IAM,Asignatura 4
Herida Cervical,Asignatura 3
Endocarditis infecciosa-miocarditis-Meek,Asignatura 4
Proteínas de interés biológico,Asignatura 1
Examen final oral,Asignatura 4
Control de la osmolaridad y el volumen de los compartimientos corporales 1,Asignatura 6
Fisiopatología de los trastornos endocrinos más prevalentes en pediatría,Asignatura 7
EXAMEN ORAL,Asignatura 10
Regulación de la fecundidad. Situaciones integradoras.,Asignatura 10
Generalidades de tejido conectivo material y extracelular,Asignatura 1
3. Herida cervical,Asignatua 4
Tutoria 3 Semiologia Abdomen,Asignatura 10
Epitelios de revestimiento,Asignatura 1
Comunicación,Asignatura 1
"Generalidades S. Gastrointestinal, boca, faringe, esófago y estómago",Asignatura 4
 Evaluación final Práctica Sistemas y Metabolismo I,Asignatura 3
Bioética,Asignatura 10
Examen parcial teórico,Asignatura 7
Comunicación,Asignatura 1
Radiología del abdomen y la pelvis,Asignatura 7
Frame by frame: la medicina en video,Asignatura 9
"C-SM Secreción gástrica, su regulación y trastornos de la secreción gastrointestinal",Asignatura 5
Diarrea / malabsorción,Asignatura 5
Primer examen parcial,Asignatura 1
ESCRITURA CREATIVA PERFORMING MEDICINE,Asignatura 10
El trabajo de equipo en salud (Mariana Michelsen),Asignatura 1
Examen final SYM1,Asignatura 4
Tutoria 2 Semiologia Cardiovascular/Respiratorio,Asignatura 10
Semiologia cardiaca CSC. Grupo Viernes,Asignatura 2
"Tipos de variables en investigación cuantitativa, gráficos, tablas y presentación de variables",Asignatura 1
Caso 01. Fiebre origen desconocido,Asignatura 10
Defectos congénitos,Asignatura 1
Energética cardiaca y perfusión coronaria,Asignatura 1
Sistema Osteomuscular,Asignatura 1
Tutoria 3 Semiologia Abdomen,Asignatura 10
24. Laboratorio de Resistencia Antimicrobiana - Grupo A,Asignatura 10
Electrofisiología cardiaca y del músculo liso,Asignatura 1
Organizacion general de la historia clínica ,Asignatura 2
Tutoria 4 Semiologia Neurologica/Musculo-esqueletico,Asignatura 10
Caso 02. Piel - Hipersensibilidad,Asignatura 10
3a Evaluación sustentación integradoras grupal,Asignatura 7
Inteligencia artificial,Asignatura 3
Trastornos de oxigenación y ventilación/Vía aérea,Asignatura 10
Maltrato infantil,Asignatura 10
Sistemas de salud,Asignatura 3
Reunión con tutores,Asignatura 3
Chequeo semanal,Asignatura 7
Intervenciones no farmacológicas en adultos mayores (Centro de simulación),Asignatura 10
Caso 05. Cardiología - Chagas,Asignatura 10
Educación como determinante social,Asignatura 1
Casos clínicos: correlación clínica-endoscópica en las enfermedades digestivas,Asignatura 7
Embriología apendicular,Asignatura 7
Taller de miembro superior 3 y 4,Asignatura 9
ESCRITURA CREATIVA PERFORMING MEDICINE,Asignatura 10
C-SM Síndromes polipósicos y cáncer de colon (SYM2),Asignatura 5
"EVALUACIÓN 2° PERIODO
9-11 am",Asignatura 7
Caso 08. Gastroenterología - EDA,Asignatura 10
SN como controlador,Asignatura 9
EXAMEN ORAL,Asignatura 10
Terapia eléctrica en reanimación/desfibrilación/cardioversión/Marcapaso transcutáneo,Asignatura 10
Hematoquecia /Sangrado de vías digestivas bajas (énfasis en patología neoplásica),Asignatura 5
Neumonia adquirida en la comunidad - Adultos,Asignatura 10
Examen final práctico CMC,Asignatura 9
Estructuras macroscópicas riñón y vías urinarias ,Asignatura 6
Simposio Bloque Naranja,Asignatura 2
Sesión Ekg 4. /ejercicios integradores cardio respiratorio/ Rx tórax,Asignatura 10
Examen habilidades clínicas,Asignatura 7
Tutoria 4 Semiologia Neurologica/Musculo-esqueletico,Asignatura 10
Tutoria 1 Semiologia General/Cabeza y Cuello,Asignatura 10
Semiología - HIV,Asignatura 10
Acople de exitación - función,Asignatura 1
Taller fosa ptarigopalatina-trigemino/ Laboratorio de histología de via aerea superior/ 2 grupos,Asignatua 4
Segundo examen,Asignatura 10
Semiologia cardiaca CSC. Grupo Viernes,Asignatura 2
Proteínas de interés biológico,Asignatura 1
C-SM Regulación neurohumoral de la función gastrointestinal (Incluye descripción de SNE),Asignatura 4
Reunión con tutores,Asignatura 3
Caso 05. Cardiología - Chagas,Asignatura 10
Retículo endoplásmico liso y lisosomas,Asignatura 1
Semiologia cardiaca CSC. Grupo Jueves ,Asignatura 2
Uso seguro de vitaminas y minerales durante la gestación.,Asignatura 7
Sistema nervioso autonomo,Asignatura 1
Repaso Neuroanatomía - histología,Asignatura 7
Trastornos de oxigenación y ventilación/Vía aérea,Asignatura 10
Supletorios evaluaciones semanales y sesiones integradoras (productos)  3° módulo,Asignatura 7
Presentación de protocolos,Asignatura 3
Abordaje Integrado del Cáncer de Próstata,Asignatura 6
Obesidad,Asignatura 4
Taller de anatomia topografica del cuello. Grupo Jueves,Asignatura 2
Laboratorio de fisiología muscular,Asignatura 7
Segunda evaluación teórica SYM1,Asignatura 4
Semana de Reflexion,Asignatura 2
Tutoria 3 Semiologia Abdomen,Asignatura 10
Taller de caracterización de vulnerabilidad (Segundo avance),Asignatura 9
Presentación estudiantes -tutoria 1,Asignatura 10
Taller de exploración psicopatológica 1: Entrevista clínica psiquiátrica ,Asignatura 9
3a Evaluación sustentación integradoras grupal,Asignatura 7
Cólera,Asignatura 1
Edema/ Enfermedad renal diabética,Asignatura 6
"Anfiteatro nariz senos paranasales, trigemino,fosa pterigopalatina y laringe/ Laboratorio de histología de via aerea superior/ 2 grupos",Asignatua 4
Farmacología: Fisiología del pancreas endocrino,Asignatura 4
Endotelio,Asignatura 1
Topografía abdominal y su contenido,Asignatura 7
Tutoria 2 Semiologia Cardiovascular/Respiratorio,Asignatura 10
Anfiteatro Sistemas reproductores  ,Asignatura 7
Planteamiento del problema en una investigación,Asignatura 3
"Anatomía de oído interno vestibular, coclear y vías",Asignatura 7
Chequeo 11,Asignatura 9
Enfermedad por transporte protéico intracelular,Asignatura 1
10. Valvulopatia/Arritmia,Asignatura 4
Oftalmoscopia/Otoscopia / Sesión Ekg 1,Asignatura 10
2a Evaluación sustentación integradoras grupal,Asignatura 7
Principios de medición y recolección de datos,Asignatura 3
Tutoria 4 Semiologia Neurologica/Musculo-esqueletico,Asignatura 10
Tutoria 1 Semiologia General/Cabeza y Cuello,Asignatura 10
73. Inmunología del Cancer,Asignatura 10
"Anfiteatro pared toracica, mediastino, hilio pulmonar  /Laboratorio pulmón",Asignatura 1
Conducta Suicida ,Asignatura 9
C-SM Organización anatómica del estómago ,Asignatura 4
Tutoria 1 Semiologia General/Cabeza y Cuello,Asignatura 10
Laboratorio fisiología sensorial,Asignatura 7
"Regiones, cavidades y espacios",Asignatura 1
Procedimientos SNG /IM Acceso venoso / Especuloscopía/sonda vesical,Asignatura 10
"Genitales ambiguos/ Hiperplasia suprarrenal congénita (Impacto hidroelectrolítico, ácido-base y en el desarrollo sexual)",Asignatura 6
Examen Final,Asignatura 9
Aspectos  neurobioquímicos del sistema hipotalámico,Asignatura 9
Taller Simulacro Práctico Anatomia e Histología,Asignatura 2
Sistema nervioso autonomo,Asignatura 1
Taller generalidades de las biomoleculas,Asignatura 4
Primera evaluación oral parte grupal 6. Enfermedad obstructiva,Asignatura 1
3a Evaluación sustentación integradoras grupal,Asignatura 7
"Laboratorio Simulación farmacocinética 1. Distribución, diferentes vías de administración. Gráficas Cp vs tiempo Dosis única y dosis múltiples. Parámetros farmacocinéticos: Volumen de distribución, vida media. Características de los gráficos.",Asignatura 7
Tutoria 2 Semiologia Cardiovascular/Respiratorio,Asignatura 10
Taller  miembro inferior3,Asignatura 9
Examen final teórico CMC,Asignatura 9
Envejecimiento saludable,Asignatura 7
Vértigo,Asignatura 10
Pruebas diagnóstica,Asignatura 10
Taller de Historia Clínica. Grupo jueves. ,Asignatura 2
Expresando la Medicina III Grupo 1 Comunicación sin daño / Grupo 2 Compasión y vulnerabilidad,Asignatura 9
Evaluación del azucar serico,Asignatura 2
EXAMEN TEÓRICO CMC,Asignatura 9
Deficiencia de piruvato Carboxilasa ,Asignatura 4
Neumonía Adquirida en la comunidad - Pacientes pediátricos Situación integradora ,Asignatura 10
Caso 06. Neumología - NAC,Asignatura 10
Taller de miembro superior,Asignatura 9
Repaso FPC III,Asignatura 7
Supletorio II corte (Pruebas rápidas),Asignatura 7
51. Infecciones urinarias No complicadas,Asignatura 10
6-Evaluación semanal (solo SYM2),Asignatura 6
Hipovolemia,Asignatura 1
Ética médica y riesgo,Asignatura 7
Maltrato infantil - Situaciones integradoras,Asignatura 10
Usos y técnica del cateterismo vesical/tacto rectal y examen perineal,Asignatura 7
Enfermedad por reflujo gastroesofágico - Situaciones integradoras,Asignatura 10
19. Laboratorio de Microbiología - Grupo A,Asignatura 10
"67. Subcutàneas, Anaerobias",Asignatura 10
Riesgos ocupacionales,Asignatura 7
Análisis de publicidad de medicamentos,Asignatura 10
Caso 05. Cardiología - Chagas,Asignatura 10
Infección de vías urinarias,Asignatura 10
Conducta suicida,Asignatura 10
Reunión con tutores,Asignatura 3
Medula espinal configuración externa ,Asignatura 7
C-SM Taller función renal 1,Asignatura 6
C-SM Aspectos fisiopatológicos de la placenta,Asignatura 7
Vías descendentes de la medula espinal ,Asignatura 9
Tutoria 3 Semiologia Abdomen,Asignatura 10
Repaso Neuroanatomía - histología,Asignatura 9
Examen final oral,Asignatura 4
Actividad integradora  2 OJO,Asignatura 9
Introducción a paradigmas médicos,Asignatura 1
Introducción a las enfermedades no transmisibles,Asignatura 10
Caso 16. Geriatría - Infecciones atípicas,Asignatura 10
Neuroimagen,Asignatura 9
Examen final práctico CMC,Asignatura 9
Presentación  IV sem  CMC. Presentación  IV sem  FPC III,Asignatura 9
Taller de patología pulmonar ,Asignatura 1
Actividad integradora  1 DOLOR,Asignatura 9
4. EVALI,Asignatura 1
Control de la osmolaridad y el volumen de los compartimientos corporales 2,Asignatura 6
Comunicación,Asignatura 1
Prácticas 3 y 4 de fisiología cardiovascular,Asignatura 4
"Nucleótidos, vitaminas hidrosolubles y cofactores",Asignatura 1
15. Diabetes Tipo 1,Asignatura 4
Simposio bloque naranja,Asignatura 4
Métodos mixtos,Asignatura 9
Taller farmacodiamia y farmacocinética de analgésicos*,Asignatura 7
"Anatomía e histología de orbita, ojo, párpados y vías lacrimales ",Asignatura 7
Semiologia cardiaca CSC. Grupo Jueves ,Asignatura 2
Taller/laboratorio de fluidos,Asignatura 1
Segunda Evaluación Teoríca Sistemas y Metabolismo I,Asignatura 2
INDUCCIÓN GENERAL COORDINACIÓN DEL SEMESTRE,Asignatura 10
actividad integradora - Psicosis,Asignatura 9
Esferocitosis - esplenectomía,Asignatura 1
Imagenología de miembros inferiores,Asignatura 9
5. TBC,Asignatura 1
Gestación adolescente en población desplazada,Asignatura 7
Taller de imágenes,Asignatura 1
Hipovolemia,Asignatura 1
Determinacion del fenotipo celular,Asignatura 1
Tutoria 2 Semiologia Cardiovascular/Respiratorio,Asignatura 10
Intervenciones en el sistema nervioso autonomo. Modificaciones  de la función  bronquial,Asignatura 1
Semiologia cardiaca CSC. Grupo Viernes,Asignatura 2
Taller huesos craneo y cara- nariz- senos paranasales- Mesa Sectra,Asignatua 4
Religión y hemotransfusión,Asignatura 1
Presentación de protocolos,Asignatura 3
C-SM Regulación de la homeostasis ácido-base corporal 2,Asignatura 6
Taller de metabolismo de lipidos(Bioquimica),Asignatura 3
61. Sistemicas - sepsis - SDRA,Asignatura 10
chequeo semanal,Asignatura 9
Supletorio I corte (Parcial),Asignatura 7
Simposio Bloque Naranja,Asignatura 2
"Unidades, concentraciones y pH ",Asignatura 1
Fisiología materna durante la gestación,Asignatura 7
laboratorio histología de ganglios ,Asignatura 9
Patología de nervio periférico,Asignatura 7
Actividad integradora -dolor,Asignatura 7
Correlación imágenes DX abdomen y pelvis ,Asignatura 7
Estructuras microscópica hígado y vesícula biliar,Asignatura 5
Fisiopatología de los trastornos endocrinos más prevalentes en pediatría,Asignatura 7
Intoxicación aguda por alcohol,Asignatura 1
Taller modificación del balance de líquidos y electrolitos desde la intervención en la función suprarrenal,Asignatura 6
Semiologia cardiaca (Ruidos cardiacos),Asignatura 2
Diabetes tipo 1,Asignatura 4
Comunicación,Asignatura 1
Integración irrigación de abdomen y pelvis,Asignatura 7
Taller Relacion ventilacion perfusión /Equilibrio ácido-base,Asignatura 2
32. Fungicas respiratorias,Asignatura 10
Tutoria 4 Semiologia Neurologica/Musculo-esqueletico,Asignatura 10
Anatomía funcional de intestinos y páncreas,Asignatura 5
Generalidades del procesamiento sensorial,Asignatura 7
Programación Prácticas,Asignatura 2
Organización microscópica del hueso,Asignatura 7
Actividad integradora - demencia,Asignatura 9
Seguimiento de tutores,Asignatura 3
17. Dislipidemia,Asignatura 4
19. Laboratorio de Microbiología - Grupo B,Asignatura 10
DHT,Asignatura 2
Evaluación 1 Biológicas,Asignatura 1
Asma,Asignatura 10
EXAMEN TEÓRICO CMC,Asignatura 9
Caso 11. Sindrome hemorragico/Coagulopatías,Asignatura 10
Gestación adolescente en población desplazada,Asignatura 7
EXAMEN PRÁCTICO HISTOLOGÁ Y ANATOMÍA CMC Y FPC III,Asignatura 9
8. Dolor toracico no coronario,Asignatura 1
Neumonia adquirida en la comunidad - Adultos - Situaciones integradoras,Asignatura 10
Intervenciones no farmacológicas en adultos mayores (Centro de simulación),Asignatura 10
Abordaje problemas de comportamiento de niños y adolescentes,Asignatura 10
Desarrollo evolutivo del telencéfalo,Asignatura 7
Soporte Vital,Asignatura 2
Pruebas diagnóstica,Asignatura 10
Correlación imágenes DX abdomen y pelvis ,Asignatura 7
10. Valvulopatia/Arritmia,Asignatura 4
SUPLETORIOS,Asignatura 9
01-02. Inmunidad Innata y Adaptativa,Asignatura 9
Tutoria 2 Semiologia Cardiovascular/Respiratorio,Asignatura 10
C-SM Trastornos ácido-base 2,Asignatura 6
Debilidad e ictericia / Cirrosis ,Asignatura 5
Miembro inferior 1 ,Asignatura 9
Hemotransfusión,Asignatura 1
Sintesis de grupo Herme,Asignatura 4
Embriología Cardiovascular,Asignatura 1
Pronóstico,Asignatura 10
 Evaluación final Práctica Sistemas y Metabolismo I,Asignatura 3
"Lab bioq, Fisio, Microscopia",Asignatura 1
Semiologia cardiaca CSC. Grupo Viernes,Asignatura 2
Examen final PC1,Asignatura 3
Revisiones sistemáticas de la literatura,Asignatura 10
Modificaciones terapéuticas del estilo de vida,Asignatura 10
"Disfagia /  Trastorno de la motilidad gastrointestinal
",Asignatura 4
Examen final práctico CMC,Asignatura 9
Condiciones relacionadas con el consumo de alcohol,Asignatura 10
Escenarios Simulados con Debriefing,Asignatura 10
Patología de organos de los sentidos,Asignatura 9
Reunión con tutores,Asignatura 3
Evaluación radiologica del tórax,Asignatura 2
"ESM-EVALUACIÓN FINAL SYM II 
(9-12m)",Asignatura 7
Tutorías Clínica Grupo Jueves,Asignatura 2
C-SM Estructuras y mecanismos involucrados en la micción 2,Asignatura 6
EXAMEN TEÓRICO CMC,Asignatura 9
Patología benigna de la tiroides,Asignatua 4
Embarazo y procesos adaptativos al embarazo,Asignatura 10
Experimentos clínicos,Asignatura 7
30. NAC Bacterianas,Asignatura 10
Aspectos generales en la quimioterapia antimicrobiana,Asignatura 10
1a Evaluación sustentación integradoras grupal,Asignatura 5
Evaluación del crecimiento y el desarrollo puberal,Asignatura 7
Ética médica y riesgo,Asignatura 7
Tutoria 2 Semiologia Cardiovascular/Respiratorio,Asignatura 10
Semiología neurológica del II par y oculomotores,Asignatura 9
Taller: Gasto Cardiaco,Asignatura 1
Estrcutura del sistema nervioso central,Asignatura 1
Mantenimiento de la salud - Inmunizaciones y SSR,Asignatura 10
Reunión con tutores,Asignatura 3
Respuesta Metabólica al trauma,Asignatura 2
C-SM Bioquímica Clínica de la fisiología ósea,Asignatura 7
Anatomía de oído externo y medio,Asignatura 7
Sistemas reproductores femenino y masculino (2110),Asignatura 7
Miembro inferior 4,Asignatura 9
Herida Cervical,Asignatura 3
Seguimiento de tutores,Asignatura 3
Presentación de protocolos,Asignatura 3
Anfiteatro Sistemas reproductores  ,Asignatura 7
Mantenimiento de la salud - Situaciones integradoras,Asignatura 10
Supletorio Eval 1 SYM2 y S. Escrita integradoras M1,Asignatura 6
Soporte Vital,Asignatura 2
EVALI,Asignatua 4
Manejo renal de solutos,Asignatura 6
Examen final teórico CMC,Asignatura 9
Hematemesis/ Enf. Ulcerosa- péptica,Asignatura 4
Actividad física,Asignatura 2
Presentación Programa RMP,Asignatura 9
Reunión con tutores,Asignatura 3
Primer examen,Asignatura 10
C-SM Seguridad de los fármacos: Reacciones Adversas a Medicamentos,Asignatura 6
Reunión con tutores,Asignatura 3
Taller morfofuncional y laboratorio de hipófisis,Asignatura 9
Anatomía del páncreas y duodeno,Asignatura 7
Taller de exploración psicopatológica 3: Afecto,Asignatura 9
Edema/ Enfermedad renal diabética,Asignatura 6
Diabtes mellitus - Situaciones integradoras,Asignatura 10
El género y su relación con la vulnerabilidad,Asignatura 9
Mecanismos para modificar la motilidad gastrointestinal. ,Asignatura 5
Taller sondas vesicales,Asignatura 7
Tutoria 1 Semiologia General/Cabeza y Cuello,Asignatura 10
Semiologia cardiaca CSC. Grupo Jueves ,Asignatura 2
Cuidado de la casa común,Asignatura 2
Introducción a la medicina basada en la evidencia y pregunta PICO,Asignatura 10
Abordaje Integrado del Cáncer de Próstata,Asignatura 7
C-SM Organización microscópica y función del hígado y la vesícula biliar II,Asignatura 5
Histología funcional intestinal,Asignatura 5
Examen teórico CMC,Asignatura 9
50. Laboratorio Uroanálisis - Grupo A,Asignatura 10
Conducta adictiva: bases biológicas y psicopatología ,Asignatura 9
Taller Sistema cardiorespiratorio y su contexto,Asignatura 3
La historia clínica en cuidado primario,Asignatura 10
Regulación de la fecundidad. Consejería,Asignatura 10
 Evaluación final Práctica Sistemas y Metabolismo I,Asignatura 3
Semiología Osteomuscular 3 (miembro Inferior),Asignatura 9
"C-SM Depuración renal, hemodinámica renal y filtración glomerular",Asignatura 6
Examen final teórico FPC III,Asignatura 9
Semiología Urología,Asignatura 10
Evaluación del crecimiento y el desarrollo puberal,Asignatura 7
"Disfagia /  Trastorno de la motilidad gastrointestinal
",Asignatura 5
EXAMEN PRÁCTICO HISTOLOGÁ Y ANATOMÍA CMC Y FPC III,Asignatura 9
Sistema cardionector,Asignatura 1
Intervenciones no farmacológicas en adultos mayores (Centro de simulación),Asignatura 10
El paciente geriátrico,Asignatura 7
Enfermedad renal crónica - Situaciones integradoras,Asignatura 10
Seguimiento de tutores,Asignatura 3
14.Deficiencia Piruvato carboxilasa                 ,Asignatura 4
Revisiones sistemáticas de la literatura,Asignatura 10
Tutoria 1 Semiologia General/Cabeza y Cuello,Asignatura 10
Tutoria 2 Semiologia Cardiovascular/Respiratorio,Asignatura 10
